CHILDID,AGEENTRY,BLACK,COGSTIM,READING
0001002C,74,0,2.68,45.17
0001007C,60,0,2.34,25.67
0001010C,67,0,2.91,27.34
0002003C,71,0,2.25,42.51
0002004C,63,0,2.61,36.15
0002006C,59,0,2.31,22.59
0002008C,68,0,2.08,22.45
0002011C,60,0,1.49,21.3
0002018C,65,0,2.38,32.25
0002019C,63,0,2.03,30.86
0002024C,64,0,2.08,25.21
0005006C,70,0,1.09,23.89
0005016C,60,0,1.83,19.07
0006003C,61,0,1.98,34.62
0006005C,70,0,1.86,30.33
0006007C,66,0,1.52,19.85
0006010C,64,0,1.34,32.1
0006011C,60,0,1.33,21.53
0006012C,64,0,2.12,24.77
0006015C,63,0,1.72,23.66
0006017C,63,0,2.16,33.4
0006022C,60,0,2.06,26.39
0007002C,63,0,2.13,33.16
0007006C,62,0,2.74,32.43
0007008C,69,0,2.16,30.97
0007009C,62,0,2.21,34.22
0007010C,66,0,2.09,19.97
0007015C,62,0,2.19,24.52
0007016C,63,0,1.52,22.26
0007017C,62,0,2.46,47.1
0007018C,70,0,2.37,44
0007022C,64,0,2.77,35.85
0007023C,62,0,2.68,27.66
0009001C,64,0,1.55,21.67
0009003C,67,0,2.63,32.1
0009005C,67,0,1.76,25.13
0009007C,65,0,1.75,24.49
0009008C,59,0,1.9,22.22
0009010C,61,0,1.51,26.79
0009013C,66,0,2.8,29.64
0009014C,67,0,2.29,28.87
0009018C,62,0,1.94,23.46
0009020C,60,0,1.64,22.62
0009024C,71,0,1.95,21.64
0009026C,65,0,2.6,26.79
0010004C,68,0,1.41,18.02
0010006C,71,0,1.97,24.28
0010007C,67,0,2.44,28.09
0010008C,66,0,1.44,21.44
0010010C,62,0,2.06,19.78
0010011C,63,0,2.13,18.32
0010015C,73,0,2.17,31.09
0010016C,66,0,1.45,28.66
0010017C,64,0,2.21,27.11
0010018C,59,0,2.2,39.98
0010020C,62,0,1.52,20.76
0011002C,68,0,2.3,43.07
0011004C,60,0,1.86,22.48
0011006C,64,0,1.85,23.86
0011007C,76,0,1.89,27.51
0011008C,62,0,1.36,27.43
0011009C,62,0,2.06,26.44
0011010C,61,0,1.54,27.11
0011011C,65,0,1.86,26.97
0011012C,64,0,1.43,24.63
0011013C,78,0,1.71,26.97
0011014C,70,0,2.39,23.77
0011017C,62,0,1.76,26.72
0011018C,59,0,1.75,20.79
0011019C,69,0,2.24,24.9
0011021C,69,0,2.09,27.88
0011022C,61,0,1.93,17.88
0011023C,62,0,1.96,26.04
0011024C,61,0,2.33,41.93
0013001C,63,0,2.87,43.17
0013005C,70,0,2.48,49.43
0014001C,63,0,2.12,26.29
0014002C,61,0,2.47,25.57
0015004C,61,0,1.6,19.16
0015009C,70,0,1.44,19.68
0015014C,63,0,2.45,45.14
0015017C,71,0,1.63,16.77
0015019C,66,0,2.14,33.11
0015020C,79,0,2.76,44.44
0015023C,66,0,2.03,17.14
0015025C,70,0,2.09,24.67
0015026C,75,0,2.06,26.51
0016001C,72,0,1.2,30.04
0016004C,66,0,1.69,28.74
0016008C,65,0,1,18.08
0016009C,67,0,1.62,18.49
0020001C,70,0,1.9,35.35
0020002C,68,0,2.75,25.81
0020003C,68,0,2.16,39.43
0020004C,62,0,1.57,24.1
0020005C,68,0,1.89,20.85
0020013C,68,0,2.29,25.98
0020014C,61,0,2.27,31.05
0020016C,61,0,1.76,26.99
0020017C,70,0,2.17,24.17
0020019C,63,0,1.95,26.83
0020020C,60,0,2.09,26.41
0020024C,63,0,2.2,26.87
0021001C,65,0,1.79,27.38
0021002C,61,0,2.4,28.14
0022002C,71,0,2.32,27.48
0022003C,69,0,1.86,19.62
0022005C,61,0,3.05,25.65
0022006C,60,0,1.4,28.51
0022007C,67,0,1.35,29.84
0022008C,66,0,2.1,27.64
0022009C,66,0,2.55,22.41
0022012C,64,0,1.4,17.66
0022013C,69,0,2.26,22.6
0022014C,62,0,2.36,28.05
0022016C,64,0,2.5,26.66
0022017C,60,0,2.72,19.03
0022018C,61,0,1.97,28.53
0022019C,61,0,2.56,24.08
0022020C,63,0,1.49,24.85
0022023C,64,0,2.28,28.59
0022024C,62,0,2.4,24.23
0023001C,66,0,1.33,19.07
0023005C,68,0,2.94,32.46
0023006C,64,0,1.38,22.78
0023007C,60,0,1.88,23.38
0023011C,70,0,2.5,24.48
0023012C,64,0,1.6,25.76
0023013C,69,0,2.07,27.41
0023015C,66,0,2.03,27.93
0023016C,61,0,2.84,33.29
0023017C,63,0,1.89,33.84
0023018C,63,0,2.14,28.77
0023019C,60,0,1.89,47.13
0023020C,69,0,1.99,25.91
0023021C,60,0,2.57,23.86
0023022C,66,0,2.22,30.91
0025003C,61,0,2.29,33.91
0025005C,71,0,2.26,34.38
0025011C,65,0,1.51,21.44
0025014C,69,0,2.75,30.46
0025016C,69,0,2.16,31.28
0025018C,60,0,1.9,24.32
0025020C,69,0,2.55,29.1
0025021C,67,0,2.43,28.69
0025024C,62,0,1.94,16.16
0026001C,65,0,1.44,25.25
0026005C,71,0,2.63,51.72
0026006C,70,0,1.96,30.58
0026007C,67,0,2.23,26.45
0026010C,64,0,2.26,31.9
0026011C,64,0,3.01,39.01
0026014C,64,0,2.69,26.42
0026015C,66,0,1.52,34.55
0028002C,63,0,2.63,44.33
0028003C,64,0,2.14,26.06
0028005C,72,0,2.08,53.65
0028006C,70,0,2.49,39.04
0028007C,67,0,1.97,23.77
0028008C,65,0,1.99,26.21
0028009C,65,0,2.58,28.43
0028010C,69,0,2.45,40.29
0028011C,73,0,2,25.09
0028012C,63,0,3.3,47.14
0028013C,63,0,2.36,29.76
0028014C,69,0,2.19,40.07
0029002C,69,0,1.32,23.47
0029004C,66,0,2.86,41.09
0029006C,65,0,2.17,27.1
0029007C,69,0,1.96,21.96
0029009C,74,0,2.76,43.18
0029012C,77,0,2.17,26.54
0029013C,68,0,2.27,21.47
0029022C,69,0,1.67,19.21
0032008C,61,0,2.36,34.66
0032017C,62,1,2.07,25.24
0032019C,61,0,1.93,26.81
0032024C,63,0,1.83,37.09
0033003C,61,0,2.19,25.26
0033005C,61,0,1.73,22.13
0033006C,66,0,2.16,25.65
0033007C,71,0,1.8,25.51
0033008C,65,0,2.67,37.95
0033009C,63,0,2.33,19.34
0033011C,66,0,2.51,25.35
0033012C,69,0,2.5,32.13
0033014C,69,0,2.19,25.31
0033015C,67,0,2.45,43.93
0033016C,65,0,2.38,25.36
0033017C,63,0,1.77,24.84
0033018C,62,0,2,24.83
0033020C,70,0,2.06,29.94
0033022C,65,0,1.91,21.29
0033024C,66,0,1.99,21.63
0034009C,72,0,1.68,26.14
0034018C,68,1,1.11,20.48
0034023C,63,0,1.52,39.87
0036007C,65,0,1.65,21.97
0036008C,61,0,1.76,22.55
0036010C,64,1,1.52,24.08
0036011C,63,0,1.52,22.17
0036018C,66,1,2.51,31.06
0036023C,65,0,1.71,21.45
0037004C,69,1,1.65,33.21
0037005C,56,1,1.76,39.54
0037008C,62,1,1.71,21.49
0037014C,55,0,1.89,21.09
0037016C,62,1,1.36,21.72
0037018C,64,1,1.63,23.88
0037021C,59,1,2.54,38.04
0038012C,68,0,2.32,27.7
0038016C,71,0,2.22,30.95
0038017C,71,0,2.38,27.19
0038019C,68,1,2.32,42.11
0039001C,59,0,2.34,40.43
0039006C,61,0,1.98,36.49
0039008C,60,0,2.32,38.41
0039010C,73,0,2.19,28.39
0039013C,58,0,2.48,26.07
0039017C,64,0,2.14,28.25
0039019C,65,0,2.32,36.61
0039021C,62,0,2.09,35.51
0039022C,70,0,2.09,46.1
0040005C,58,0,1.61,31.45
0040007C,54,1,2.25,36.4
0041002C,67,0,2.06,28.64
0041003C,69,0,1.69,24.73
0041004C,66,0,2.47,39.8
0041005C,59,0,2.66,25.25
0041006C,64,0,2.03,25.39
0041008C,68,0,2.39,34.46
0041009C,67,0,2.14,25.03
0041010C,59,0,2.15,28.98
0041012C,66,0,2.5,33.97
0041013C,64,0,1.86,27.09
0041014C,61,0,2.52,39.28
0043003C,61,0,2.3,24.95
0043006C,69,0,2.61,26.41
0043007C,64,0,1.53,26.96
0043008C,64,0,2.37,29.14
0043011C,72,0,1.87,30.19
0043012C,64,0,1.68,20.32
0043014C,64,0,2.22,29.68
0043018C,56,0,2.26,27.17
0044002C,73,0,2.34,35
0044006C,72,0,2.68,54.62
0044007C,68,0,2.27,26.42
0044008C,67,0,2.69,38.83
0044011C,64,0,2.47,24.87
0044013C,72,0,2.52,41.53
0044016C,67,0,2.74,42.82
0044017C,63,0,2.37,26.67
0044018C,66,0,2.9,34.92
0044022C,62,0,2.02,38.19
0044023C,69,0,1.92,39.89
0045003C,65,0,2.62,40.83
0045004C,70,0,2.83,22.79
0045005C,71,0,2.01,31.4
0045007C,64,0,1.96,40.89
0045008C,59,0,2.08,31.02
0045009C,70,0,2.24,28.9
0045010C,69,0,2.31,41.06
0045011C,64,0,2.38,27.29
0045014C,65,0,2.62,37.39
0045015C,65,0,2.69,32.57
0045017C,64,0,2.55,44.11
0045018C,64,0,3.07,34.59
0045019C,67,0,2.15,27.76
0045020C,64,0,2.55,43.1
0045021C,64,0,2.65,37.86
0045022C,62,0,2.74,28.72
0046006C,62,1,2.14,20.59
0046011C,60,1,2.02,25.66
0046023C,56,1,2.14,28
0047004C,72,0,2.02,23.27
0047006C,68,0,2.45,35.91
0047007C,61,0,2.38,33.68
0047008C,61,0,1.85,30.54
0047009C,64,0,2.53,32.4
0047011C,69,0,1.33,27.8
0047014C,66,0,2.82,32.93
0047017C,64,0,1.8,22.07
0047018C,61,0,1.68,17.72
0047019C,69,0,2.37,26.68
0047020C,61,0,2.38,32.69
0047021C,72,0,2.89,34.86
0047022C,63,0,1.72,28.47
0047024C,68,0,1.8,22.41
0049015C,65,0,1.82,19.71
0049016C,68,0,1.98,25.2
0049017C,66,0,2.13,27.02
0049018C,63,0,2.36,22.51
0051002C,62,0,2.43,27.01
0051005C,69,0,2.51,44.83
0051006C,68,0,2.52,26.06
0051007C,75,0,2.51,36.39
0051008C,61,0,2.78,36.09
0051010C,72,0,2.22,32.55
0051011C,72,0,2.25,51.02
0051013C,68,0,1.99,34.31
0051016C,63,0,2.17,35.91
0051017C,72,0,1.85,25.56
0051018C,65,0,2.33,36.15
0051019C,63,0,2.46,38.14
0051024C,68,0,2.35,34.65
0051026C,61,0,2.37,25.97
0052002C,62,0,2.26,27.12
0052003C,65,0,2.43,28.71
0052004C,63,0,2.93,25.96
0052005C,62,0,2.51,32.86
0052006C,69,0,2.61,37.79
0052007C,66,0,2.34,30.21
0052011C,70,0,2.4,33.52
0052012C,69,0,1.83,33.27
0052013C,71,0,2.75,35.95
0052014C,65,0,2.23,26.28
0052018C,69,0,2,21.45
0052019C,68,0,1.83,27.25
0052020C,70,0,1.96,46
0052021C,61,0,1.98,27.15
0053002C,62,0,2.24,21.22
0053003C,72,0,2.59,48.79
0053005C,69,0,2.14,32.18
0053006C,67,0,2.48,26.75
0053007C,64,0,2.21,43.21
0053008C,66,0,2.58,41.33
0053009C,63,0,2.85,42.41
0053011C,67,0,2.45,29.66
0053012C,66,0,2.96,24.31
0053013C,70,0,2.52,39.69
0053014C,65,0,2.23,21.33
0053015C,62,0,2.8,23.6
0053017C,69,0,1.98,31.64
0053019C,69,0,2.48,32.13
0053021C,61,0,2.52,27.43
0053023C,62,0,2.42,33.91
0053024C,63,0,2.26,30.39
0055004C,64,0,2.02,22.84
0055007C,71,0,2.07,26.97
0055008C,72,0,2.68,38.83
0055010C,65,0,1.71,39.41
0055011C,66,0,1.71,28.1
0055012C,71,0,1.92,32.96
0055013C,66,0,2.31,20.9
0055014C,61,0,2.37,25.8
0055015C,67,0,2.2,24.92
0055016C,64,0,2.09,29.12
0055018C,65,0,2.12,22.56
0055020C,71,0,1.96,29.61
0055022C,71,0,2.68,31.35
0055023C,64,0,1.8,20.65
0055024C,72,0,2.25,37.71
0056002C,65,0,2.02,22.41
0056003C,66,0,2.82,30.5
0056004C,66,0,2.61,34.08
0056005C,74,0,2.44,39.73
0056009C,64,0,2.47,37.17
0056011C,66,0,2.33,39.87
0056013C,68,0,1.89,20.97
0056014C,69,0,2.53,30.12
0056015C,66,0,2.21,28.23
0056021C,69,0,2.57,32.75
0056022C,72,0,1.96,25.54
0056023C,75,0,2.63,45.45
0057001C,61,0,2.49,26.23
0057002C,62,0,2.82,30.57
0057003C,66,0,2.47,28.04
0057004C,70,0,3.12,34.8
0057005C,71,0,2.39,28.81
0057007C,70,0,2.61,28.63
0057008C,72,0,2.52,27.69
0057009C,61,0,2.5,34.23
0057012C,66,0,1.82,20.43
0057015C,68,0,2.65,30.76
0057016C,65,0,2.37,23.51
0057019C,70,0,2.59,36.22
0057021C,66,0,2.84,32.06
0057022C,71,0,2.52,38.97
0057023C,62,0,2.36,30.16
0057024C,61,0,2.59,25.77
0057026C,61,0,2.36,22.13
0058008C,60,0,2.14,19.08
0058019C,60,0,2.65,36.61
0058020C,63,0,1.63,19.82
0062009C,63,0,2.39,19.37
0062015C,61,0,2.66,33.44
0062016C,59,0,1.88,27.36
0062017C,62,0,2.53,42.11
0064009C,65,1,1.57,25.37
0064017C,58,1,1.2,20.01
0066001C,69,0,2.63,27.94
0066003C,62,0,1.89,22.52
0066004C,66,0,2.23,21.05
0066005C,67,0,2.27,31.98
0066007C,60,0,1.9,24.35
0066009C,61,0,2.31,20.88
0066014C,59,0,1.88,28.03
0066015C,63,0,2.24,27.04
0066016C,66,0,2.25,42.8
0066018C,63,0,2.28,25.52
0066021C,72,0,2.46,23.87
0066023C,58,0,1.57,24.82
0066024C,68,0,1.98,48.95
0067003C,60,0,1.98,23.7
0067007C,61,0,2.45,30.56
0067008C,63,0,1.88,28.18
0067009C,65,0,3.28,43.35
0067011C,68,0,2.65,31.7
0067012C,60,0,2.5,30.3
0067015C,68,0,1.84,28.28
0067016C,62,0,2.57,32.22
0067018C,59,0,2.11,27.99
0067019C,66,0,2.66,33.52
0067020C,62,0,2.53,34.5
0067021C,60,0,2.8,30.56
0067023C,62,0,2.79,30.87
0069007C,65,0,1.72,26.02
0069008C,66,0,1.55,28.69
0069009C,62,0,2.43,24.84
0069012C,64,0,1.55,22.35
0069019C,62,0,1.75,27.51
0071008C,67,1,1.46,23.91
0072006C,63,0,2.54,33.45
0072007C,63,1,2.35,25.9
0072009C,59,0,1.74,19.97
0072015C,59,0,2.08,26.98
0072017C,58,0,1.74,29.01
0072018C,57,0,2.22,26.04
0072020C,61,0,1.61,24.3
0073002C,65,0,3.13,35.87
0073003C,66,0,2.58,34.7
0073005C,61,0,2.32,43.78
0073007C,64,0,2.75,27.24
0073008C,60,0,2.91,36.75
0073009C,69,0,2.68,34.49
0073012C,65,0,2.5,30.64
0073013C,62,0,3.22,40.52
0073016C,68,0,2.78,49.19
0073017C,59,0,2.82,46.94
0073019C,67,0,2.83,20.35
0073020C,61,0,2.63,37.91
0073022C,65,0,2.85,31.21
0073024C,59,0,2.21,34.74
0073025C,64,0,2.58,40.54
0075003C,64,0,2.75,33.76
0075006C,69,0,2.17,27.57
0075007C,57,0,2.22,18.46
0075009C,63,0,2.32,26.71
0075010C,60,0,2.17,29.91
0075012C,62,0,1.69,31.14
0075014C,71,0,2.33,22.16
0075015C,62,0,2.2,24.78
0075016C,63,0,2.16,26.52
0075020C,62,0,2.38,27.9
0075021C,60,0,2.3,29.13
0075023C,79,0,2.13,27.33
0075024C,60,0,2.4,28.79
0077001C,64,0,2.29,27.37
0077003C,58,0,2.08,21.67
0077007C,65,0,2.65,29.09
0077009C,65,0,2.35,53.23
0077010C,58,0,1.94,32.11
0077013C,67,0,1.83,20.09
0077014C,65,1,2.16,28.76
0077020C,63,0,2.12,26.56
0077022C,60,0,1.79,25.82
0077023C,69,0,2.04,30.15
0077024C,63,0,2.62,30.6
0078003C,63,0,1.66,26.17
0078006C,61,0,2.38,52.41
0078009C,64,0,2.45,50.48
0078010C,64,0,1.8,28.72
0078013C,60,0,2.68,29.03
0078014C,60,0,2.21,21.8
0078015C,66,0,1.25,18.69
0078018C,63,0,2.58,43.79
0078021C,58,0,2.47,26.07
0078022C,66,0,2.39,34.8
0078023C,58,0,2.16,28.61
0078024C,60,0,2.61,39.44
0080003C,71,0,1.96,34.62
0080007C,59,0,2.56,26.13
0080010C,54,0,2.08,32.64
0080019C,59,0,2.16,25.48
0080021C,61,0,2.63,22.11
0080022C,59,0,2.68,24.47
0080023C,62,0,2.5,27.75
0081001C,61,0,2.4,28.74
0081002C,58,1,2.65,32
0081003C,62,0,2.84,40.35
0081011C,62,0,2.53,42.05
0081015C,63,0,2.32,30.61
0081016C,69,0,2.37,28.48
0081019C,63,0,2.19,29.34
0081020C,68,0,2.03,19.48
0081023C,61,0,2.39,29.29
0083008C,65,1,1.44,23.69
0083009C,57,1,1.86,18.05
0083017C,67,1,1.56,25.85
0084003C,58,0,1.91,23.6
0084007C,63,0,2.43,20.28
0084009C,67,0,2.21,29.21
0084010C,63,0,2.62,36.51
0084012C,64,0,2.14,23.3
0084015C,64,0,2.52,39.02
0084016C,69,0,2.24,42.93
0084017C,59,0,1.9,29.51
0084018C,64,0,2.17,21.33
0084019C,63,0,2.98,38.2
0084023C,64,0,2.12,28.25
0085001C,60,0,1.92,24.74
0085003C,61,0,2.45,47.42
0085004C,64,0,2.24,28.08
0085005C,60,0,1.98,31.02
0085007C,58,0,1.93,31.57
0085008C,65,0,2.07,30.52
0085010C,68,0,2.41,34.12
0085012C,66,0,2.76,39.62
0085013C,63,0,1.64,43.98
0085015C,58,0,2.49,39.38
0085016C,63,0,1.88,27.69
0085017C,60,0,2.73,32.47
0085018C,58,0,2.82,44.5
0085019C,58,0,2.32,24.31
0085021C,69,0,2.39,32.68
0085022C,59,0,2.32,35.91
0085023C,62,0,3.05,34.76
0085024C,67,0,2.5,42.83
0086004C,66,0,3,33.43
0086006C,62,0,3,48.58
0086007C,66,0,3.11,39.36
0086008C,60,0,2.64,29.97
0086010C,66,0,2.35,40.43
0086011C,68,0,2.09,36.95
0086015C,60,0,2.13,24.1
0086016C,61,0,2.34,29.99
0086017C,61,0,2.66,37.58
0086020C,67,0,2.5,32.51
0086022C,62,0,2.78,38.19
0086023C,65,0,2.7,27.32
0086024C,58,0,2.86,42.94
0089003C,59,0,2.24,31.14
0089004C,67,0,2.1,30.1
0089006C,57,0,2.32,30.91
0089007C,66,0,1.97,36.92
0089008C,64,0,2.28,26.29
0089010C,62,0,2.27,34.34
0089011C,65,0,2.57,34.91
0089012C,61,0,2.36,24.38
0089013C,57,0,2.79,22.77
0089015C,58,0,2.68,35.23
0089016C,57,0,2.37,28.57
0089017C,68,0,2.29,21.29
0089018C,61,0,2.14,28.48
0089019C,66,0,1.74,25.75
0089021C,68,0,2.16,24.69
0091018C,60,1,2.14,39.89
0093003C,65,0,2.29,29.08
0093004C,65,0,2.26,27.76
0093005C,65,0,2.3,21.87
0093007C,69,0,2.51,33.14
0093009C,59,0,2.61,27.61
0093011C,66,0,1.93,26.99
0093012C,62,0,2.56,43.35
0093013C,67,0,2.02,33.24
0093017C,65,0,2.85,39.24
0093018C,63,0,2.34,46.5
0093021C,58,0,3.29,30.71
0093023C,61,0,1.87,24.19
0093024C,66,0,2.91,30.89
0095003C,60,1,1.96,35
0095004C,64,0,2.3,30.19
0095005C,58,0,2.13,27.36
0095006C,63,0,2.75,42.45
0095007C,62,0,2.11,26.45
0095008C,62,1,1.58,28.53
0095015C,65,0,2.79,38.13
0095016C,61,1,2.02,39.96
0095017C,59,0,2.55,29.43
0095023C,66,0,2.43,40.47
0097003C,54,0,2.17,23.54
0097006C,56,0,1.98,33.84
0097007C,54,0,1.92,31.52
0097008C,54,0,2.05,20.85
0097010C,54,0,1.78,30
0097012C,54,0,2.04,18.56
0097013C,64,0,1.63,27.08
0097016C,55,0,1.79,25.54
0097017C,54,0,2.11,27.87
0097019C,57,0,2.26,23.61
0097020C,56,0,2.41,19.9
0097021C,57,0,1.75,16.07
0097022C,54,0,2.5,20.22
0097023C,54,0,2.33,21.24
0097025C,54,0,1.83,25
0098016C,57,1,1.88,20.63
0098017C,64,1,2.22,25.73
0098018C,65,1,1.45,28.43
0098021C,64,1,1.63,23.33
0101011C,60,1,1.93,27.05
0102009C,67,1,2.31,37.14
0102010C,64,1,1.72,35.31
0102013C,59,1,1.71,39.9
0102015C,61,1,2.39,26.2
0102017C,56,1,1.3,20.79
0103009C,58,1,1.27,16.89
0103018C,60,1,1.59,26.5
0103019C,62,1,1.32,20.22
0104010C,66,0,1.88,35.03
0104012C,59,0,2.4,26.57
0110003C,64,1,1.85,28.92
0110007C,65,1,1.87,37.44
0110016C,57,1,1.15,24.85
0110021C,61,1,1.32,23.19
0110023C,64,1,1.94,21.57
0114002C,62,1,1.1,22.57
0115019C,67,1,1.97,31.06
0115023C,68,1,1.35,30.1
0115024C,57,1,1.84,32.47
0116002C,59,0,2.63,43.23
0116004C,63,0,2.77,31.19
0116006C,60,0,2.66,30.57
0116008C,57,0,2.31,43.66
0116014C,60,0,1.53,28.04
0116016C,63,0,2.41,27.3
0116017C,62,0,2.36,30.89
0116018C,67,0,2.79,39.67
0116022C,60,0,2.75,37.57
0116024C,57,0,2.41,26.55
0117007C,65,1,2.04,18.56
0119003C,65,1,1.44,26.64
0119009C,58,1,1.91,28.36
0119016C,61,1,1.87,31.55
0119022C,64,1,2.25,36.12
0122005C,62,0,1.49,41.68
0122007C,59,0,2.12,28.94
0122008C,67,0,2.39,27.95
0122014C,58,0,2.26,31.19
0122016C,62,0,2.49,32.98
0122017C,61,0,1.88,30.13
0122022C,62,0,2.18,20.88
0122024C,69,0,2.09,49.16
0122026C,65,0,2.51,33.85
0124003C,58,1,1.66,23.39
0124004C,58,1,1.9,26.7
0124009C,58,1,1.84,26.28
0124010C,59,1,1.22,24.21
0124013C,58,1,2.01,28.26
0124014C,57,1,1.52,26.35
0124022C,66,1,1.55,22.24
0128006C,62,0,2.22,24.31
0128008C,67,0,2.28,27.31
0128009C,61,0,2.46,22.15
0128010C,65,0,2.37,31.05
0128012C,58,0,2.41,31.79
0128014C,62,0,2.42,21.08
0128018C,58,0,2.46,24.48
0128019C,65,0,2.64,45.01
0128020C,67,0,2.48,39.06
0128021C,65,0,2.87,30.8
0128025C,67,0,1.88,28.59
0131007C,65,0,2.15,45.8
0131008C,59,1,2.38,27.77
0131009C,57,1,2.6,33.83
0131012C,60,0,2.86,39.64
0131014C,68,0,2.23,37.87
0131018C,60,1,2.92,29.4
0131019C,63,1,1.91,20.16
0131020C,64,1,2.03,46.84
0131022C,64,0,2.06,26.07
0131024C,68,1,1.67,33
0132003C,63,0,2.36,29.59
0132005C,60,0,2.4,23.99
0132006C,67,0,2.71,39.37
0132010C,64,0,2.69,29.34
0132011C,69,0,2.39,27.05
0132012C,71,0,2.6,37.77
0132013C,65,0,2.68,27.69
0132014C,58,0,2.3,38.55
0132015C,58,0,2.37,23.11
0132017C,66,0,3.01,47.17
0132018C,64,0,2.97,34.43
0132019C,62,0,1.97,24.67
0132020C,62,0,2.6,28.74
0132021C,69,0,2.54,42.93
0132022C,60,0,2.5,26.41
0132024C,58,0,2.32,39.1
0133001C,59,0,1.66,21.58
0133002C,69,0,2.28,31.14
0133003C,64,0,2.28,36.39
0133005C,65,0,1.63,30.97
0133007C,63,0,1.72,26.25
0133008C,64,0,2.38,43.67
0133010C,62,0,2.43,37.3
0133011C,58,0,1.73,27.66
0133012C,66,0,1.97,23.71
0133014C,58,0,2.09,28.92
0133017C,63,0,1.95,27.42
0133020C,69,0,2.43,21.57
0133024C,64,0,2.69,48.78
0134001C,59,0,2.3,21.56
0134002C,68,0,2.33,28.32
0134003C,63,0,2.04,22.17
0134004C,66,0,2.43,29.59
0134006C,62,0,2.6,27.43
0134007C,60,0,2.09,20.3
0134009C,66,0,1.37,22.29
0134011C,74,0,2.2,30.28
0134014C,66,0,2.41,30.69
0134015C,62,0,1.82,27.54
0134017C,62,0,1.72,39.32
0134019C,59,0,1.75,32.89
0134020C,65,0,2.38,30.05
0134021C,64,0,2.28,30.85
0134022C,67,0,1.55,29.13
0134023C,66,0,2.5,37.78
0134024C,61,0,1.98,32.29
0136004C,64,0,2.38,33.43
0136005C,66,0,1.99,22.06
0136006C,65,0,2.21,22.72
0136007C,64,0,1.48,22.51
0136008C,69,0,2.41,28.35
0136009C,68,0,1.55,27.93
0136011C,63,0,2.76,30.03
0136012C,67,0,1.44,24.53
0136014C,70,0,1.91,30.26
0136015C,64,0,2.79,39.74
0136020C,72,0,2.45,27.11
0143005C,69,0,2.42,31.72
0143014C,64,0,2.38,43.17
0143017C,70,0,1.78,30.79
0143018C,69,0,2.27,33.44
0143020C,61,0,2.6,42.06
0143023C,68,0,2.24,35.98
0145016C,70,0,1.8,27.8
0145017C,70,0,1.8,31.62
0145021C,65,0,2.7,38.24
0147003C,64,0,2.28,19.65
0147004C,61,0,2.11,34.57
0147006C,60,0,2.5,40.09
0147009C,67,0,1.76,31.75
0147012C,66,0,2.06,28.77
0147013C,68,0,1.75,33.18
0147018C,71,0,1.88,24.05
0149001C,63,0,2.55,30.5
0149002C,61,0,2.22,27.16
0149003C,61,0,1.89,29.03
0149005C,60,0,1.97,26.84
0149006C,69,0,2.72,40.71
0149007C,69,0,1.91,35.58
0149008C,68,0,1.76,43.52
0149012C,68,0,2.46,32.15
0149013C,71,0,2.56,34.4
0149014C,65,0,2.76,39.33
0149015C,66,0,1.54,32.32
0149016C,64,0,2.16,31.63
0149019C,61,0,2.54,38.86
0149020C,65,0,2.4,36.4
0149021C,64,0,2.17,23.67
0149022C,66,0,2.21,26.59
0150012C,55,1,2.46,18.93
0151002C,59,1,2.15,21.96
0151003C,70,1,1.59,24
0151005C,59,1,2.49,18.16
0151008C,58,1,1.67,17.56
0151009C,69,1,1.67,20.16
0151013C,60,1,1.86,27.5
0151016C,64,1,1.77,24.98
0151020C,63,1,1.23,26.3
0151021C,65,1,1.63,27.63
0151023C,66,1,1.29,19.51
0154003C,64,0,1.69,26.75
0154007C,63,0,2.66,40.61
0154008C,62,1,1.87,22.9
0154011C,71,0,1.86,32.64
0154012C,61,0,2.31,27.77
0154015C,66,0,2.42,23.36
0154016C,63,0,2.42,31.9
0154017C,68,0,2.37,29.65
0154018C,63,0,2.61,35.97
0154021C,64,0,2.42,30.67
0154023C,66,0,1.7,38.53
0155005C,62,0,1.87,36
0155011C,69,0,2.6,37.82
0155012C,60,0,2.13,38.33
0155013C,63,0,2.41,36.63
0155015C,70,0,2.84,40.45
0155017C,69,0,2.08,29.27
0155018C,68,0,2.36,50.9
0155019C,68,0,1.84,42.66
0157019C,64,0,2.03,18.58
0159005C,68,0,1.93,29.49
0159019C,63,0,2.07,32.24
0159020C,59,0,1.78,24.43
0159022C,58,0,2.26,36.21
0159023C,66,0,2.14,34.85
0161014C,72,0,2.56,50.69
0162002C,66,0,2.4,35.8
0162004C,62,0,2.24,35.42
0162005C,70,0,2.39,28.07
0162007C,64,0,2.73,20.84
0162008C,61,0,2.31,23.52
0162009C,70,0,1.94,47.22
0162010C,70,0,2.72,27.5
0162015C,72,0,2.22,33.53
0162016C,61,0,2.73,31.78
0162017C,69,0,2.11,31.26
0162022C,63,0,2.38,43.96
0162023C,62,0,3.15,47.72
0162024C,65,0,2.04,41.97
0164003C,63,1,1.76,28.42
0164021C,66,1,2.32,34.05
0167005C,61,0,2.67,17.23
0167006C,60,0,2.17,21.43
0167007C,66,0,1.65,27.03
0167011C,63,1,2.15,36.64
0167020C,68,0,1.7,35.88
0168003C,61,0,2.46,30.2
0168004C,70,0,2.14,54.64
0168006C,62,0,2.22,36.8
0168010C,65,0,2.17,52.83
0168011C,62,0,1.77,40.35
0168014C,69,0,2.11,32.42
0168016C,71,0,1.71,35.79
0168017C,63,0,2.05,29.46
0168019C,71,0,2.22,40.71
0168021C,60,0,1.82,21.29
0168022C,66,0,1.33,31.32
0168023C,70,0,3.12,34.8
0169009C,63,1,1.77,20.03
0169020C,61,1,0.99,21.51
0169022C,66,1,2.22,24.39
0170009C,70,1,1.77,26.62
0170016C,65,1,2.06,29.75
0170019C,64,1,1.89,20.01
0171004C,67,0,1.53,24.17
0171005C,66,1,2.24,27.41
0171006C,72,1,1.34,25.79
0171008C,68,0,2.46,31.69
0171015C,66,0,2.2,45.59
0171016C,70,0,1.62,27.87
0171019C,66,0,2.5,33.78
0171020C,63,0,1.72,25.72
0171022C,66,1,1.01,16.58
0171024C,62,0,1.6,20.09
0174001C,65,1,1.56,27.53
0174005C,61,1,1.86,30.11
0174006C,67,1,1.43,27.72
0174007C,67,1,1.86,24.2
0174010C,67,1,1.68,18.67
0174012C,68,1,1.49,20.16
0174015C,61,1,2,28.31
0174016C,74,1,1.82,21.29
0174022C,64,1,1.41,22.39
0174024C,64,1,1.68,19.07
0175004C,70,0,2.14,25.17
0175006C,63,0,1.79,27.46
0175011C,70,0,1.97,41.61
0175012C,72,0,2.41,33.57
0175014C,64,0,2.22,31.02
0175016C,69,0,1.98,37.26
0175018C,70,0,2.57,36.93
0175019C,69,0,2.93,29.37
0175021C,72,0,1.79,54.54
0175022C,66,0,2.43,42.04
0175023C,62,0,2.59,46.85
0176001C,65,0,2.63,24.56
0176002C,66,0,2.53,38.12
0176005C,64,0,2.74,30.05
0176009C,66,0,2.15,22.81
0176012C,69,0,2.33,37.77
0176014C,70,0,2.1,24.34
0176018C,68,0,2.06,38.92
0176019C,65,0,2.2,27.86
0176020C,63,0,2.03,29.35
0176022C,66,0,2.53,30.57
0176023C,64,0,2.17,31.46
0176024C,69,0,2.02,27.74
0176025C,63,0,2.03,27
0177003C,58,0,2.51,34.29
0177009C,66,0,2.67,34.96
0177012C,68,0,2.55,49.32
0178002C,65,0,1.54,23.8
0178003C,63,0,2.32,27.57
0178004C,62,0,2.41,36.31
0178005C,70,0,2.1,44.98
0178008C,59,0,1.55,28.77
0178010C,63,0,2.03,33.56
0178013C,63,0,2.22,30.23
0178014C,67,0,2.61,45.41
0178015C,61,0,2.22,33.23
0178017C,61,0,2.68,27.21
0178019C,63,0,2.01,28.69
0178020C,66,0,1.83,20.59
0178024C,66,0,1.97,27.93
0179022C,71,0,2.58,29.28
0180003C,65,0,2.25,38.1
0180008C,64,0,1.73,22.65
0180010C,71,0,1.88,23.34
0180011C,61,0,2.61,31.16
0180013C,62,0,2.43,31.32
0180016C,66,0,2.22,39.32
0180018C,61,0,2.08,27.9
0180020C,64,1,1.81,19.74
0180021C,70,0,1.77,32.34
0180022C,69,0,2.18,28.24
0183017C,63,1,1.85,24.69
0183018C,71,1,2.02,29.22
0183020C,71,1,1.74,38.03
0184003C,62,0,2.18,35.4
0184006C,71,0,2.02,28.39
0184007C,70,0,2.44,29.88
0184008C,75,0,2.47,25.07
0184014C,63,0,1.8,32.37
0184015C,62,0,2.01,24.16
0184016C,61,0,1.78,32.59
0184020C,63,1,1.9,36
0184021C,63,1,2.01,25.85
0184025C,62,0,2,23.32
0185003C,79,0,1.66,28.39
0185004C,68,0,2.49,24.36
0185007C,63,0,1.77,26.68
0185009C,63,0,2.06,19.77
0185016C,66,0,1.85,18.33
0185026C,65,0,1.61,17.77
0185027C,72,0,3.04,34.56
0187006C,66,1,1.5,30.5
0187010C,61,1,2.1,29.61
0187013C,66,1,2.88,44.95
0187014C,67,1,1.42,20.9
0187015C,67,0,2.16,36.21
0187018C,69,0,3.02,29.58
0188003C,69,0,2.09,47.84
0188006C,71,0,2.29,41.19
0188008C,69,0,2.67,30.57
0188017C,74,0,2.59,41.42
0188019C,65,0,1.3,26.83
0189001C,72,0,1.9,36.48
0189004C,68,0,1.94,38.98
0189006C,74,0,1.93,43.13
0189007C,75,0,2.29,45.24
0189009C,62,0,2.78,40.7
0189010C,64,0,2.17,40.17
0189013C,71,1,2.54,45.02
0189016C,62,0,2.07,36.83
0189019C,59,0,2.26,34.83
0189020C,62,0,2.22,36.7
0190003C,66,0,2.02,34.11
0190005C,64,0,1.82,33.12
0190008C,66,0,2.24,27.19
0190018C,69,0,1.89,42.51
0190019C,72,0,2.2,31.48
0190020C,63,0,2.45,33.98
0190021C,71,0,1.71,37.66
0190022C,68,0,1.63,43.34
0190023C,70,0,2.12,46.2
0194006C,61,0,1.97,25.05
0194007C,59,0,2.16,25.22
0194010C,63,1,2,20.59
0194012C,63,0,2.02,30.41
0194013C,66,0,2.15,22.07
0194014C,61,0,2.11,30.11
0194017C,64,0,1.87,22.24
0195005C,59,0,1.9,26.5
0195006C,65,0,1.91,19.91
0195011C,59,1,1.22,17.82
0195013C,68,1,1.31,23.38
0195016C,66,0,2.77,35.5
0195018C,60,1,1.5,24.43
0195020C,67,0,1.29,20.16
0195021C,61,0,2.45,38.69
0195025C,67,0,1.36,25.62
0196001C,62,0,1.9,34.98
0196002C,63,0,2.05,36.77
0196005C,69,0,2.7,32.02
0196007C,70,0,1.95,30.72
0196008C,60,0,1.67,35.07
0196009C,61,0,2.75,31.27
0196010C,69,0,2.08,32.24
0196011C,72,0,2.02,29.09
0196014C,61,0,2.09,28.99
0196015C,60,0,2.25,31.02
0196016C,62,0,2.71,33.6
0196018C,71,0,2.59,33.81
0196019C,66,0,2.29,35.29
0196020C,64,0,2.13,28.07
0196022C,69,0,2.24,31.48
0196024C,65,0,2.14,31.45
0196026C,62,0,2.5,41.67
0197004C,71,0,2.36,38.69
0197005C,62,0,1.55,24.55
0197008C,64,0,2.06,34.52
0197013C,63,0,1.42,28.86
0197014C,69,0,2.22,40.75
0197015C,68,0,2.23,31.91
0197016C,61,0,1.74,34
0201011C,66,0,2.2,27.98
0201012C,63,0,1.9,34.1
0201014C,63,0,1.6,28.41
0201016C,72,0,1.75,28.13
0201018C,65,0,1.53,19.33
0202002C,59,0,1.87,30.02
0202009C,62,0,2.35,29.97
0204004C,60,0,1.84,27.52
0204009C,69,0,2.15,29.89
0204012C,61,0,1.84,24.71
0204019C,63,0,2.28,33.91
0204021C,74,0,1.22,19.37
0204023C,61,0,2.31,34.26
0206007C,59,0,2.42,28.89
0206011C,62,0,1.95,27.3
0206021C,62,0,2.12,30.11
0212002C,68,0,2.01,30
0212004C,63,0,2.41,18.44
0212008C,61,0,1.9,26.37
0212011C,67,0,2.64,23.39
0212012C,66,0,2.47,30.74
0212016C,61,0,2.04,25
0212017C,65,0,2.47,31.84
0212019C,66,0,2.66,27.77
0212021C,66,0,2.53,31.86
0212022C,73,0,1.92,24.58
0212023C,67,0,2.27,32.64
0212024C,64,0,1.57,22.24
0212025C,66,0,1.8,25.04
0213001C,66,0,1.8,22.48
0213003C,69,0,2.49,35.09
0213004C,65,0,1.87,24.92
0213006C,60,0,2.48,30.89
0213008C,66,0,1.49,27.53
0213009C,64,0,1.67,24.33
0213010C,61,0,1.78,25.37
0213013C,70,0,1.97,34.31
0213014C,66,0,2.05,29.64
0213016C,60,0,1.72,27.54
0213018C,71,0,1.74,20.77
0213020C,63,0,1.79,24.49
0213022C,68,0,2.15,31.99
0213023C,66,0,1.69,23.46
0213024C,67,0,1.59,43.61
0213025C,71,0,1.42,21.34
0214004C,64,0,1.69,28.12
0214005C,62,0,2.55,28.33
0214007C,61,0,2.05,22.28
0214011C,60,0,1.52,33.42
0214012C,63,0,1.46,18.5
0214014C,64,0,1.41,19.7
0214016C,65,0,1.8,26.09
0214017C,62,0,2.03,24.37
0214018C,68,0,2.04,22.6
0214019C,61,0,2.31,30.19
0214020C,72,0,2.02,30.46
0214022C,66,0,2.34,37.65
0214024C,66,0,1.23,27.77
0215001C,62,0,2.18,41.4
0215004C,71,0,2.45,47.41
0215010C,64,0,2.2,23.69
0215012C,69,0,2.66,28.86
0215013C,61,0,2.61,34.34
0215014C,63,0,2.24,26.3
0215015C,63,0,1.55,20.51
0215019C,67,0,2.69,42.86
0215020C,66,0,1.96,31.24
0215021C,71,0,2.4,31.45
0216001C,63,0,2.11,28.69
0216006C,72,0,1.49,41.94
0216007C,71,1,1.64,29.9
0216008C,61,0,1.68,21.76
0216009C,66,1,1.56,18.31
0216014C,70,0,0.96,27.29
0216015C,70,1,1.75,27.37
0216016C,69,1,1.51,20.43
0216017C,67,1,1.68,20.29
0216018C,63,1,1.75,20.41
0216019C,65,1,1.62,26.03
0216021C,61,1,1.61,28.52
0216022C,67,1,2.41,19.24
0216023C,67,0,1.81,25.35
0220001C,65,0,1.99,28.73
0220002C,62,0,2.37,23.61
0220007C,64,0,2.79,29.84
0220008C,63,0,2.44,33.92
0220009C,64,0,2.63,35.56
0220011C,67,0,2.19,29.33
0220020C,69,0,2.12,32.97
0223003C,67,0,1.97,28.26
0223004C,72,0,2.05,25.91
0223009C,65,0,2.5,24.29
0223011C,67,0,2.78,25.37
0223012C,66,0,2.6,38.96
0223015C,62,0,1.53,22.45
0223018C,62,0,2.26,23.36
0223019C,75,0,1.97,23.17
0223020C,72,0,2.46,25.06
0223021C,66,0,1.75,35.67
0223023C,69,0,2.1,33.98
0223024C,75,0,2.86,43.61
0224002C,65,0,1.67,33.52
0224004C,71,0,2.1,26.24
0224008C,68,0,2.27,25.02
0224014C,71,0,1.68,24.72
0227001C,67,0,2.07,25.3
0227002C,66,0,1.42,22.39
0227003C,66,0,1.99,20.99
0227004C,67,0,2.02,26.36
0227005C,67,0,2.65,20.53
0227006C,67,0,1.67,29.91
0227008C,77,0,2.42,28.57
0227010C,69,0,2.62,30
0227012C,64,0,2,19.15
0227014C,69,0,2.01,34.96
0227015C,62,0,1.73,29.31
0227016C,66,0,1.57,23.25
0227018C,68,0,1.99,27.94
0227019C,64,0,2.49,34.74
0227021C,68,0,1.16,21.75
0227022C,68,0,1.6,19.12
0227023C,65,0,2.05,28.96
0227024C,64,0,1.7,32.78
0227025C,69,0,2.46,27.51
0228005C,64,0,2,28.32
0228012C,69,0,1.92,22.91
0228019C,67,0,2.26,38.64
0228021C,73,0,1.88,16.95
0228023C,62,0,1.66,27.33
0229001C,62,0,1.74,28.57
0229003C,66,0,1.6,27.1
0229005C,67,0,2.55,37.67
0229006C,65,0,2.38,35.52
0229007C,77,0,2.79,28.67
0229008C,69,0,1.99,26.63
0229012C,65,0,2.37,24.49
0229013C,69,0,2.18,28.08
0229014C,67,0,1.34,31.69
0229015C,69,0,1.9,36.83
0229016C,63,0,2.37,24.6
0229017C,68,0,2.11,37.63
0229019C,64,0,1.74,25.35
0229022C,67,0,2.07,30.91
0229023C,63,0,1.24,20.87
0231001C,71,0,2.34,40.58
0231006C,63,0,2.85,28.01
0231007C,69,0,2.42,24.67
0231008C,67,0,1.83,21.83
0231010C,69,0,1.86,32.02
0231011C,64,0,2.3,25.8
0231012C,70,0,1.79,20.77
0231015C,70,0,1.98,32.79
0231016C,69,0,2.3,32.47
0231019C,64,0,1.28,28.12
0231021C,65,1,1.88,31.89
0231023C,62,0,2.42,20.17
0231024C,62,0,1.71,23.37
0239008C,66,1,2.05,19.09
0239009C,61,1,2.11,19.55
0239016C,68,1,1.79,25.22
0239018C,62,1,1.72,28.03
0240005C,71,1,1.44,27.8
0240007C,61,1,0.91,19.69
0240008C,68,1,2.01,20
0240012C,62,1,2.34,18.68
0240013C,69,1,2.56,17.14
0240014C,71,1,1.66,22.59
0240015C,61,1,1.68,20.18
0240021C,61,1,1.49,22.38
0240023C,67,1,1.31,26.7
0241005C,64,0,1.14,25.65
0241015C,70,0,1.1,19.41
0242002C,63,0,1.5,21.81
0242003C,61,0,2.37,27.79
0242004C,73,0,2.41,24.92
0242005C,66,0,2.25,26.92
0242007C,60,0,1.96,23.21
0242008C,62,0,2.67,29
0242010C,64,0,2.35,22.71
0242012C,61,0,2.44,30.99
0242013C,61,0,2.55,21.83
0242015C,64,0,1.69,23.42
0242016C,61,0,2.08,26.03
0242017C,63,0,2.45,24.48
0242018C,65,0,2.23,22.15
0242020C,67,0,2.02,23.6
0242021C,70,0,2.41,27.76
0242022C,62,0,1.99,28.49
0242023C,60,0,2.95,24.6
0242024C,63,0,2.38,19.94
0243004C,62,0,2.14,22.06
0243006C,62,0,1.87,21.06
0243007C,68,0,2.33,28.68
0243011C,62,0,2.23,37.89
0243018C,63,0,2.88,29.18
0243019C,66,0,1.92,28.36
0245001C,63,0,1.74,30.01
0245003C,61,0,1.93,29.91
0245004C,71,0,2.22,29.43
0245005C,62,0,2.1,44.08
0245007C,66,0,1.35,24.94
0245008C,64,0,2.16,32.79
0245009C,60,0,1.51,29.22
0245011C,63,0,1.94,34.83
0245012C,72,0,1.86,40.93
0245013C,71,0,1.59,25.93
0245015C,61,0,1.94,30.5
0245017C,72,0,2.73,40.01
0245021C,62,0,1.46,27.15
0245022C,73,0,1.92,34.33
0245024C,71,0,2.57,27.23
0246003C,62,0,2.44,24.97
0246004C,64,0,1.53,28.02
0246005C,65,0,1.93,29.03
0246008C,70,0,1.91,23.87
0246014C,66,0,2.18,21.77
0246015C,61,0,2.57,30.95
0246022C,70,0,1.45,48.07
0247005C,64,0,2.82,21.61
0247006C,62,0,1.89,31.42
0247010C,64,1,2.35,27.73
0247011C,68,0,3,49.95
0247012C,64,1,2.19,27.93
0247014C,60,0,2.59,43.74
0247015C,64,0,2.64,43.07
0247019C,64,0,2.4,41.82
0247020C,75,0,2.41,31.29
0247021C,64,0,2.43,31.5
0247024C,66,0,2.16,42.32
0248003C,67,0,2.37,22.62
0248005C,62,0,2.71,46.6
0248006C,63,0,1.39,27.88
0248009C,64,0,2.56,34.6
0248010C,71,0,2.14,28.09
0248017C,71,0,2.13,28.88
0248018C,79,0,2.07,29.38
0248019C,66,0,1.81,27.92
0248021C,73,0,2.14,30.73
0248024C,64,0,2.11,36.92
0250004C,60,0,1.79,26.66
0250005C,69,0,2.36,27.8
0250007C,65,0,2.36,35.43
0250009C,60,0,2.06,31.25
0250012C,63,0,2.12,23.9
0250014C,65,0,2.16,24.8
0250015C,67,0,2.58,22.42
0250016C,65,0,2.54,31.51
0250018C,72,0,2.43,40.88
0250019C,65,0,2.67,36.22
0250021C,62,0,2.67,28.17
0250023C,67,0,2.69,28.21
0250024C,63,0,2.75,28.63
0251006C,63,0,2.41,29.45
0251010C,79,0,1.39,21.28
0251019C,69,0,1.61,33.62
0251020C,64,0,2.56,26.67
0251021C,73,0,1.69,32.79
0251022C,61,1,1.43,25.31
0251023C,62,0,2.55,25.88
0252015C,66,1,1.35,26.12
0252020C,62,1,1.1,16.57
0253005C,60,1,1.11,20.6
0253020C,60,1,1.36,18.32
0253023C,75,0,0.89,42.4
0255011C,67,0,1.78,25.75
0256001C,64,0,2.67,30.91
0256006C,69,0,1.61,30.65
0256013C,63,0,2.18,23.66
0256015C,69,0,1.91,21.05
0256017C,70,0,2.54,25.29
0256019C,68,0,3.12,41.03
0256020C,65,0,2.2,31.21
0256023C,64,0,2.14,26.45
0257003C,66,0,1.85,33.35
0257004C,68,0,2.9,30.98
0257006C,67,0,2.06,33.92
0257008C,68,0,2.25,29.73
0257009C,73,0,2.61,31.34
0257010C,70,0,2.79,41.04
0257012C,69,0,2.63,47.25
0257013C,69,0,2.64,28.45
0257014C,63,0,2.21,30.3
0257015C,69,0,2.19,38.83
0257023C,71,0,1.77,37.21
0258002C,64,0,1.56,24.75
0258011C,60,0,2.7,24.64
0258012C,66,0,1.72,19.61
0258016C,64,0,2.41,44.34
0258017C,71,0,2.16,45.84
0258018C,70,0,1.94,22.67
0258019C,71,0,1.76,41.2
0258020C,64,0,2.33,28.91
0258022C,64,0,1.58,22.58
0259003C,70,0,2.97,34.09
0259004C,66,0,2.23,25.72
0259006C,64,0,2.71,42.46
0259007C,62,0,2.26,22.24
0259008C,64,0,1.78,24.6
0259009C,66,0,2.17,29.55
0259011C,72,0,1.64,21.44
0259014C,62,0,2.03,25.19
0259019C,65,0,2.39,28.06
0259023C,68,0,2.85,33.9
0262001C,62,0,1.74,29.86
0262003C,61,0,2.29,38.46
0262004C,64,0,2.22,25.26
0262006C,72,0,2.82,49.2
0262009C,69,0,2.53,40.81
0262010C,70,0,1.87,24.24
0262011C,70,0,2.23,40.12
0262012C,69,0,2.58,39.48
0262013C,74,0,2.13,26.24
0262014C,63,0,2.51,29.26
0262017C,71,0,2.78,25.86
0262019C,72,0,2.03,24.61
0262020C,64,0,2.06,27.56
0262022C,72,0,1.6,29.48
0262023C,68,0,1.88,26.47
0262024C,71,0,1.91,25.9
0262025C,74,0,1.91,30.4
0263001C,67,0,1.99,30.1
0263002C,63,1,2.47,26.49
0263003C,61,1,1.54,23.65
0263005C,68,1,2.19,23.56
0263009C,71,1,1.93,32.2
0264004C,71,0,2.24,27.09
0264005C,66,0,2.71,20.63
0264006C,64,0,2.63,30.61
0264010C,69,0,2.57,20.9
0264016C,66,0,2.41,29.15
0264017C,70,0,2.27,38.86
0264020C,72,0,2.02,29.47
0264022C,62,0,2.19,21.29
0264023C,66,0,2.24,19.69
0265004C,75,0,2.02,38.75
0265006C,65,0,2.13,26.07
0265008C,66,0,2.23,26.48
0265009C,66,0,2.76,37.1
0265010C,73,0,2.74,29.64
0265011C,64,0,2.74,30.44
0265013C,72,0,1.85,24.4
0265014C,71,0,2.26,20.56
0265015C,65,0,1.8,22.42
0265018C,65,0,2.3,22.51
0266002C,65,1,1.7,24.67
0267007C,69,0,2.59,33.85
0267009C,67,0,2.01,24.84
0267012C,71,0,1.77,20.16
0267015C,62,0,1.78,22.31
0267016C,69,0,1.72,32.57
0267018C,60,0,1.66,23.37
0267019C,61,0,1.64,26.39
0267021C,65,0,2.06,30.57
0267022C,64,0,2.1,22.88
0269006C,65,1,2.13,18.92
0269007C,70,0,2.17,39.97
0269008C,62,0,2.12,37.75
0269019C,60,1,1.86,19.63
0269021C,65,0,2.93,31.07
0269023C,72,0,2.69,29.16
0269024C,65,0,1.8,24.54
0270001C,68,0,1.9,27.69
0270003C,71,0,2.27,31.69
0270004C,72,0,2.27,27.38
0270006C,66,0,2.63,20.21
0270007C,70,0,2.83,32.37
0270009C,66,0,1.4,23.2
0270010C,66,0,2.21,24.28
0270011C,65,0,2.3,20.43
0270014C,72,0,2.56,24.42
0270016C,68,0,1.82,28.35
0270018C,69,0,1.57,20.72
0270019C,71,0,1.89,30.42
0270022C,70,0,1.55,32.62
0270023C,67,0,2.25,26.68
0270024C,63,0,1.64,20.23
0271003C,63,0,2.36,29.62
0271005C,71,0,2.75,31.99
0271007C,68,0,2.27,34.43
0271009C,64,0,2.41,28.16
0271010C,71,0,2.1,28.89
0271013C,65,0,2.63,26.88
0271014C,73,0,1.54,36.93
0271018C,71,0,2.08,22.89
0271019C,67,0,2.05,36.07
0271020C,70,0,1.91,30.91
0271021C,65,0,2.11,25.59
0271022C,69,0,2.38,32.03
0271024C,61,0,2.2,27.11
0272006C,65,0,2.72,28.89
0272009C,66,0,2.31,30.22
0272012C,74,0,2.49,36.65
0272015C,67,0,2.36,37.08
0272018C,67,0,2.5,36.77
0272023C,67,0,1.8,25.85
0273002C,70,0,2.39,30.83
0273004C,63,0,2.25,20.95
0273005C,63,0,2.92,41.64
0273006C,62,0,2.34,30.74
0273009C,66,0,2.48,29.43
0273010C,58,0,1.96,31.27
0273011C,63,0,2.54,22.04
0273013C,67,0,2.39,28.01
0273014C,65,0,2.01,30.52
0273015C,64,0,2.2,31.11
0273019C,59,0,2.18,30.93
0273020C,58,0,2.15,28.69
0273021C,64,0,2.03,29.1
0273022C,63,0,2.09,34.13
0273023C,63,0,2.38,23.73
0273024C,66,0,1.73,26.49
0279020C,65,0,1.86,22.26
0279022C,65,0,2.49,39.62
0280008C,64,0,2.61,18.12
0280017C,63,0,3.04,47.22
0280018C,64,0,2.41,37.53
0280020C,67,0,2.3,35.58
0282002C,62,0,2.06,33.56
0282004C,68,0,2.17,33.9
0282005C,66,0,2.4,20.67
0282006C,66,0,3.2,34.54
0282007C,72,0,2.36,25.65
0282008C,61,0,1.97,30.2
0282009C,67,0,2.34,30.74
0282011C,61,0,2.6,22.08
0282012C,65,0,2.87,45.78
0282014C,67,0,2.36,24.22
0282016C,63,0,1.71,21.25
0282018C,58,0,1.95,20.79
0282020C,64,0,1.57,23.66
0282021C,64,0,2.17,30.88
0282023C,58,0,2.07,29.99
0283008C,66,0,2.32,34.03
0284001C,66,0,1.51,19.97
0284002C,67,0,2.35,32.2
0284006C,68,0,1.19,25.64
0284010C,69,0,2.06,40.44
0284014C,64,0,2.18,30.3
0284015C,58,0,2.1,24.59
0284016C,59,0,2.52,21.39
0285003C,65,1,1.65,21.03
0285010C,67,1,2.17,25.75
0285018C,61,1,1.68,23.61
0285022C,69,1,2.25,17.31
0285024C,62,1,1.55,19.59
0286006C,62,0,1.79,23.07
0286010C,66,1,1.38,21.04
0286012C,65,0,1.43,19.24
0288001C,69,0,2.1,35.22
0288005C,60,0,1.93,32.54
0288006C,61,0,1.98,31.1
0288008C,62,0,2.4,38.58
0288009C,61,0,3.04,30.1
0288010C,63,0,2.34,28.99
0288011C,59,0,1.85,20.76
0288013C,61,0,2.79,28.07
0288014C,59,0,1.49,28.04
0288015C,67,0,2.46,30.96
0288016C,61,0,2.01,24.32
0288017C,62,0,2.33,28.65
0288018C,71,0,2.85,41.5
0288019C,60,0,1.61,29.65
0288020C,62,0,2.76,28.4
0288021C,68,0,2.89,36.56
0288022C,66,0,2.23,32.12
0288024C,63,0,2.23,34.53
0290002C,65,0,2.55,35.9
0290004C,65,0,1.95,31.88
0290005C,68,0,2.6,32.26
0290006C,61,0,2.22,18.71
0290008C,67,0,2.7,49.09
0290009C,61,0,1.92,21.27
0290010C,62,0,2.39,29.4
0290013C,64,0,2.4,36.87
0290015C,68,0,1.99,34.43
0290016C,68,0,1.74,27.61
0290018C,68,0,2.1,25.3
0290020C,61,0,2.5,26.58
0292010C,63,0,2.67,19.01
0292015C,63,0,2.67,29.31
0292016C,59,0,2.14,21.92
0292022C,75,0,1.83,28.03
0292024C,69,1,2.45,30.58
0294001C,64,0,2.28,28.67
0294004C,63,0,2.33,23.24
0294005C,61,0,1.91,42.93
0294007C,63,0,2.3,30.08
0296023C,69,0,2.38,24.93
0299007C,73,0,2.24,22.53
0299009C,66,0,2.38,31.26
0299011C,68,0,2.78,48.04
0299012C,62,0,2.45,23.44
0299014C,62,0,2.2,28.71
0299015C,64,0,2.27,39.78
0299016C,66,0,2.74,27.34
0299017C,69,0,2.2,27.43
0299018C,68,0,2.08,27.3
0299022C,66,0,2.43,28.48
0299024C,68,0,2.65,32.13
0300001C,70,0,1.94,39.07
0300003C,63,0,2.09,27.82
0300005C,66,0,2.74,29.75
0300006C,61,0,2.47,29.47
0300007C,60,0,2.62,24.35
0300008C,65,0,2.34,30.09
0300009C,68,0,2,32.77
0300010C,61,0,1.88,23.47
0300012C,64,0,2.47,19.63
0300013C,62,0,2.31,36.55
0300014C,66,0,1.82,25.92
0300015C,63,0,2,19.09
0300016C,70,0,2,23.18
0300018C,61,0,2.19,21.28
0300020C,60,0,2.58,37.12
0300024C,58,0,2.31,20.91
0301002C,63,0,2.39,25.03
0301003C,63,0,2.39,31.42
0301004C,68,0,1.83,19.44
0301007C,62,0,2.08,31.34
0301008C,65,0,1.72,20.64
0301010C,66,0,1.84,25.14
0301011C,67,0,2.53,28.08
0301015C,62,0,2.32,47.81
0301017C,65,0,2.21,29.02
0301018C,73,0,1.87,27.68
0301019C,72,0,1.9,30.36
0301020C,60,0,2.54,26.07
0301022C,60,0,1.79,16.88
0301023C,69,0,1.66,30.02
0301024C,69,0,1.68,26.82
0302010C,59,0,1.85,22.7
0302022C,67,0,1.66,32.16
0303004C,65,0,2.21,29.28
0303008C,64,0,2.69,28.05
0303014C,59,0,1.29,31.19
0303016C,58,0,1.9,31.56
0303017C,68,0,1.81,26.4
0303020C,66,0,2,32.18
0305001C,71,0,2.15,29.01
0305003C,71,0,1.81,31.19
0305004C,59,0,1.5,27.88
0305005C,61,0,1.55,22.46
0305006C,68,0,1.74,26.27
0305007C,64,0,2.63,19.83
0305011C,68,0,1.46,28.64
0305013C,66,0,2.1,23.81
0305015C,68,0,2.28,19.03
0305018C,61,0,2.27,31.81
0305020C,59,0,2.29,22.21
0305022C,65,0,2.18,31.86
0305023C,72,0,2.73,45.16
0305024C,59,0,1.63,30.39
0305025C,71,0,2.07,24.79
0306001C,73,0,2.35,41.68
0306003C,71,0,2.41,32.86
0306004C,62,0,2.09,26.68
0306007C,66,0,1.85,36.16
0306010C,69,0,2.07,31.63
0306014C,60,0,2.54,21.11
0306016C,64,0,2.3,26.77
0306017C,62,0,2.3,37.53
0307001C,67,0,2.16,43.03
0307003C,68,0,2.41,29.05
0307004C,64,0,1.65,21.27
0307006C,59,0,1.95,29.42
0307007C,62,0,2.43,39.24
0307015C,59,0,2.02,28.36
0307016C,65,0,2.29,29.93
0307017C,66,0,1.92,29.8
0307019C,60,0,1.99,24.7
0307021C,60,0,1.63,22.57
0307022C,65,0,1.92,25.68
0307024C,58,0,1.65,19.1
0307025C,58,0,1.74,23.88
0310004C,58,1,2.39,25.32
0310008C,65,0,2.01,25.9
0310009C,69,0,1.8,19.31
0310013C,58,0,2.09,33.76
0310016C,66,0,2.54,35.37
0310020C,64,0,2.04,31.3
0311010C,60,1,2.4,20.85
0311014C,62,0,2,20.87
0311016C,61,1,1.5,28.44
0311021C,60,1,2.56,17.67
0311022C,63,1,1.26,23.82
0311023C,67,0,1.66,23.9
0312004C,59,0,2.44,31.89
0312008C,60,0,2.25,40.65
0312009C,62,0,2.61,50.52
0312010C,67,0,2.27,22.24
0312011C,67,0,3.05,30.05
0312014C,68,0,2.05,34.68
0312018C,58,0,2.17,47.91
0312023C,58,1,1.34,19.43
0313010C,64,0,2.14,25.15
0313017C,58,0,2.78,33.88
0313022C,69,0,2.36,22
0313024C,64,0,1.76,32.46
0314002C,60,0,2.64,42.59
0314003C,70,0,2.35,31.8
0314004C,67,0,2.03,36.32
0314006C,62,0,1.96,36.34
0314008C,63,0,1.74,30.17
0314009C,63,0,1.73,42.2
0314010C,67,0,1.77,32.57
0314011C,63,0,2.56,33.3
0314013C,63,0,1.92,23.11
0314014C,60,0,3.03,37.92
0314015C,69,0,2.54,29.47
0314016C,66,0,1.85,34.61
0314017C,60,0,2.57,36.8
0314020C,71,0,2.5,34.98
0314022C,68,0,2.3,42.83
0314023C,66,0,2.45,42.9
0317003C,69,0,2.22,53.61
0317005C,67,0,2.43,28.08
0317008C,70,0,1.55,21.01
0317009C,59,0,2.37,24.18
0317010C,63,0,1.82,40.91
0317011C,62,0,1.81,29.06
0317012C,67,0,1.6,24.51
0317014C,69,0,2.01,32.61
0317015C,64,0,1.73,25.55
0317017C,67,0,2.32,24.78
0317019C,64,0,1.93,20.27
0317020C,68,0,3.28,37.07
0317021C,64,0,2.24,28.39
0317022C,64,0,1.83,27.68
0317023C,67,0,2.17,27.13
0317024C,58,0,2.89,43.87
0318003C,63,0,1.66,22.93
0319003C,63,0,2.21,25.49
0319004C,62,0,2.19,31.73
0319005C,73,0,2.19,33.48
0319006C,68,0,1.83,28.04
0319010C,65,0,2.07,21.15
0319011C,65,0,2.39,21.68
0319012C,67,0,1.93,29.33
0319016C,71,0,2.11,32.95
0319021C,62,0,1.97,38.98
0320002C,58,0,2.07,20.88
0320007C,67,1,2.26,24.25
0320010C,59,1,1.4,21.15
0320012C,68,0,1.59,26.08
0320018C,58,1,2.08,15.93
0320024C,64,0,2.08,32.19
0324004C,62,0,2.27,24.12
0324008C,69,0,2.17,23.42
0324009C,67,0,2.52,34.8
0324011C,67,0,2.34,22.21
0324016C,68,0,1.98,32.41
0324018C,62,0,1.85,26.37
0324019C,66,0,1.86,24.51
0324020C,58,0,2.63,34.51
0324022C,64,0,2.32,37.74
0324024C,66,0,2.42,26.79
0326008C,68,0,3.26,47.77
0326009C,61,0,2.23,28.12
0326011C,68,0,1.8,22.43
0326014C,69,0,2.2,27.63
0326015C,60,0,2.81,30.56
0326016C,68,0,2.71,24.47
0326018C,63,0,3.08,28.27
0327004C,66,0,2.68,20.08
0327006C,70,0,2.07,20.86
0327009C,69,0,2.19,18.53
0327013C,60,0,1.93,32.36
0327019C,64,0,1.96,18.12
0328002C,69,0,1.55,17.09
0328003C,69,0,2.15,20.1
0328006C,64,0,1.42,27.37
0328010C,64,0,1.32,19.36
0328012C,65,0,2.11,21.02
0328013C,71,0,1.58,45.92
0328014C,72,0,2.2,25.84
0328021C,66,0,1.31,19.34
0330004C,74,0,2.02,43.51
0330005C,69,0,1.85,25.78
0330006C,63,0,2.46,45.59
0330007C,64,0,2.41,45.76
0330009C,67,0,2.25,28.91
0330010C,64,0,2.3,43.73
0330011C,64,0,2.07,25.67
0330014C,65,0,2.59,25.26
0330015C,73,0,2.7,46.37
0330016C,72,0,1.83,25.34
0330017C,74,0,2.17,26.84
0330019C,67,0,1.96,31.18
0330021C,65,0,1.39,24.64
0330022C,73,0,2.27,22.56
0331001C,73,0,2.08,31.22
0331005C,64,0,2.16,37.92
0331006C,70,0,2,32.46
0331008C,74,0,1.66,36.78
0331009C,75,0,2.06,44.21
0331011C,66,0,1.62,30.08
0331012C,73,0,2.62,31.07
0331015C,72,0,2.15,53.31
0331019C,74,0,1.14,25.86
0331024C,74,0,3.04,53.43
0333004C,71,0,2.23,27.36
0333007C,74,0,1.9,28.77
0333009C,71,0,2.17,22.86
0333010C,65,0,2.62,25.94
0333011C,66,0,2.34,26.41
0333012C,66,0,1.75,24.97
0333015C,69,1,1.86,26.53
0333024C,64,1,1.51,43.57
0334006C,66,0,2.34,33.43
0334007C,67,0,3.03,39.32
0334010C,71,0,2.58,48.69
0334011C,72,0,2.58,34.87
0334012C,70,1,1.93,24.59
0334014C,68,0,2.13,23.25
0334017C,73,0,2.25,42.01
0334019C,71,0,2.89,33.82
0334021C,65,0,2.31,40.68
0334022C,75,0,2.19,23.46
0335005C,72,0,2.51,45.4
0335006C,74,0,1.65,31.85
0335009C,65,0,1.76,22.8
0335010C,71,0,1.96,22.86
0335014C,70,0,2.18,25.24
0335015C,71,0,2.31,29.09
0335016C,73,0,1.85,24.57
0336004C,69,0,2.05,19.71
0336005C,73,0,1.69,19.83
0336018C,72,0,1,21.2
0336020C,73,0,1.5,24.68
0337003C,72,0,2.63,31
0337004C,73,0,3.01,40.4
0337005C,76,0,2.7,30.28
0337006C,73,0,2.32,32.92
0337008C,70,0,1.81,33.66
0337009C,74,0,2.25,26.17
0337010C,72,0,2.14,30.9
0337011C,74,0,2.58,47.61
0337012C,74,0,2.17,45.41
0337014C,73,0,2.42,43.16
0337015C,75,0,1.87,46.72
0337017C,74,0,2.69,38.41
0337018C,67,0,2.56,37.29
0337020C,64,0,2.32,50.91
0337021C,65,0,2.61,42.51
0337023C,71,0,2.17,43.23
0337024C,70,0,2.2,31.74
0338002C,74,0,2.87,30.42
0338003C,68,0,2.9,27.09
0338004C,75,0,2.21,26.36
0338006C,72,1,1.98,32.39
0338009C,67,0,2.64,24.84
0338010C,67,0,2.59,39.15
0338013C,69,0,2.03,20.57
0338014C,68,1,2.07,23.8
0338016C,77,0,2.29,22.5
0338017C,69,0,2.19,42.23
0338018C,66,0,2,30.27
0338019C,70,0,2.33,24.58
0339003C,62,0,2.41,21.49
0343001C,66,0,1.48,24.23
0343002C,65,0,2.39,28.14
0343003C,75,0,2.24,35.05
0343004C,75,0,2.54,44.08
0343007C,65,0,1.83,32.9
0343008C,79,0,1.71,22.22
0343011C,66,0,2.78,38.14
0343012C,68,1,1.85,31.74
0343013C,74,0,2.51,31.23
0343014C,77,0,2.47,21.74
0343015C,75,0,2.11,30.19
0343016C,67,0,1.97,39.4
0343017C,73,0,2.4,26.28
0343018C,69,0,2.17,34.86
0343021C,74,0,2.43,34.81
0343022C,66,0,1.52,26.33
0343023C,71,0,1.98,29.56
0344005C,70,0,2.09,29.33
0344009C,72,0,1.87,29.29
0344011C,65,0,2.2,24.24
0344016C,72,0,2.48,25.55
0344019C,74,0,2.01,33.71
0344023C,68,0,1.47,21.06
0345003C,67,0,2.21,26.66
0345004C,67,0,2.42,45.06
0345005C,70,0,3.05,30.73
0345006C,75,0,2.7,41.87
0345008C,75,0,2.76,43.56
0345010C,67,0,2.2,42.59
0345012C,65,0,2.13,39.42
0345013C,63,0,2.74,44.08
0345015C,71,0,1.79,31.81
0345016C,69,0,2.16,36.82
0345019C,66,0,2.01,29.52
0345023C,70,0,2.12,31.35
0345025C,70,0,2.11,29.59
0346003C,65,1,1.46,25.13
0346005C,73,0,2.29,33.22
0346006C,78,0,2.35,24.8
0346008C,69,1,1.98,24.98
0346009C,75,0,2.48,23.75
0346011C,75,0,2.07,24.03
0346012C,68,0,1.44,24.99
0346014C,71,0,1.65,23.34
0346015C,75,0,2.61,28.17
0346016C,64,0,1.7,33.38
0346017C,72,1,2,25.89
0346019C,75,0,2.39,29.73
0346020C,75,0,2.49,31.94
0346021C,65,1,1.26,22.53
0347001C,67,0,1.89,25.23
0347005C,72,0,2.12,27.18
0347018C,74,1,2.32,24.12
0347020C,65,0,1.65,23.95
0348006C,64,1,1.8,25.49
0348013C,73,0,1.79,26.77
0348016C,64,1,2.52,30.83
0348019C,72,0,1.55,28.79
0348020C,70,1,1.94,28.82
0349002C,69,0,1.89,25.3
0349003C,67,0,2.05,29.69
0349004C,72,0,2.15,30.28
0349005C,78,0,2.19,25.81
0349007C,72,0,1.79,37.23
0349009C,77,0,2.19,36.21
0349010C,68,0,2.27,19.16
0349011C,72,0,2.4,45.46
0349012C,70,0,1.96,26.38
0349013C,71,0,1.81,38.58
0349014C,75,0,2.2,26.88
0349015C,70,0,2.38,34.36
0349016C,73,0,2.33,32.53
0349017C,75,0,2.38,43.83
0349019C,77,0,2.26,32.33
0349020C,67,0,1.72,30.48
0349021C,72,0,1.92,23.62
0349022C,69,0,3.04,35.92
0349024C,70,0,1.75,27.75
0350001C,76,0,1.88,33.57
0350003C,67,0,2.25,31.48
0350005C,64,0,1.9,30.94
0350008C,72,0,2.13,39.98
0350010C,67,0,2.19,33.47
0350011C,67,0,1.95,37.08
0351001C,62,0,1.59,22.65
0351002C,56,0,2.07,34.83
0351003C,71,0,1.98,26.42
0351004C,64,0,2.21,30.76
0351005C,73,0,1.92,32.79
0351006C,70,0,1.56,26.21
0351007C,70,0,1.76,40.45
0351008C,62,0,1.67,31.96
0351009C,63,0,1.96,19.7
0351011C,64,1,1.64,17.8
0351012C,73,0,1.21,23.1
0351013C,62,0,2.04,29.08
0351014C,67,0,2,28.58
0351015C,54,0,2.63,28.74
0351016C,54,0,1.76,23.45
0351018C,54,0,2.02,22.36
0351019C,56,0,2.33,37.14
0351020C,54,0,2.6,32.05
0351021C,54,0,1.64,26
0351022C,54,0,2.08,30.59
0351023C,54,0,2.16,28.2
0351024C,61,0,2.17,22.46
0355012C,64,0,1.92,29.58
0355014C,68,0,2.28,28.7
0356005C,63,0,2.18,37.3
0356006C,63,0,1.71,24.21
0356007C,62,0,2.03,30.77
0356008C,70,0,2.14,20.74
0356010C,70,0,2.07,26.24
0356011C,68,0,2.15,27.72
0356013C,72,0,2.3,36.67
0356014C,72,0,2.16,24.14
0356016C,77,0,1.66,32.02
0357016C,73,0,2.51,27.57
0357017C,64,0,2.19,20.59
0357018C,72,0,2.75,39.02
0357020C,63,0,2.49,30.62
0357021C,63,0,1.73,25.38
0357022C,64,0,2.27,20.07
0357023C,64,0,2.75,28.49
0357024C,62,0,3.08,26.07
0359002C,64,0,2.54,31.58
0359003C,63,0,2.04,31.9
0359004C,66,0,2.65,30.35
0359007C,72,0,1.84,33.58
0359008C,60,0,2.11,30.8
0359010C,60,0,1.81,23.77
0359012C,64,0,2.1,22.5
0359015C,67,0,2.35,28.28
0359016C,64,0,2.79,38.6
0359017C,62,0,2.1,33.09
0359020C,70,0,1.83,24.34
0359022C,70,0,1.79,34.12
0359023C,69,0,2.22,36.03
0359025C,62,0,2.26,38.01
0360016C,63,0,2.22,32.61
0360017C,60,0,1.63,30.56
0360018C,67,0,2.74,31.81
0360022C,63,0,2.04,36.05
0360023C,69,0,3.39,48.46
0361001C,63,0,1.98,35.37
0361003C,69,0,2.32,25.78
0361004C,68,0,2.14,31.4
0361007C,62,0,2.38,39.55
0361008C,66,0,2.47,33.13
0361009C,71,0,1.85,45.39
0361011C,70,0,2.76,31.87
0361013C,65,0,1.81,27.37
0361014C,67,0,2.12,36.2
0361015C,69,0,2.19,31.62
0361016C,65,0,1.92,29.27
0361018C,64,0,1.77,31.36
0361019C,72,0,2.16,30.8
0361022C,64,0,1.75,20.98
0361023C,71,0,1.94,33.5
0361024C,66,0,1.87,34.28
0362001C,62,0,1.81,20.74
0362002C,63,0,1.91,20.99
0362003C,70,0,1.6,19.74
0362004C,70,0,2.39,41.3
0362005C,70,0,1.9,25.21
0362006C,63,0,1.74,28.97
0362008C,66,0,1.7,32.72
0362009C,71,0,1.82,21.95
0362011C,62,0,1.4,22.55
0362013C,69,0,2.8,30.26
0362014C,62,0,1.8,24.5
0362016C,67,0,1.66,23.43
0362018C,70,0,1.98,21.49
0362019C,65,0,2.18,24.89
0362020C,71,0,1.95,24.13
0362022C,63,0,1.75,26.19
0363001C,72,0,1.8,32.03
0363002C,63,0,2.37,27.3
0363011C,63,0,1.72,23.87
0363014C,70,0,2.69,30.15
0363016C,67,0,1.67,31.21
0363018C,65,0,1.88,35.09
0363022C,68,0,2.09,21.97
0364003C,62,0,1.61,19.94
0364004C,68,0,2.63,33.6
0364006C,69,0,1.5,30.05
0364007C,72,0,2.11,34.86
0364009C,62,0,2.45,30.49
0364010C,71,0,2.39,43.06
0364011C,68,0,2.16,29.2
0364012C,69,0,1.48,37.63
0364013C,61,0,1.91,26.54
0364014C,64,0,1.93,31.5
0364019C,65,0,2.26,35.02
0364021C,71,0,2.96,40.38
0364024C,70,0,2.5,28.65
0365011C,71,0,2.48,31.36
0365017C,71,0,1.89,22.6
0365018C,68,0,1.96,31.83
0365019C,69,0,2.48,27.87
0365022C,67,0,2.04,23.79
0365023C,66,0,2.3,32.68
0366009C,66,0,2.23,33.8
0366011C,63,0,2.01,30.12
0366012C,74,0,2.45,47.74
0366014C,73,0,2.22,35.81
0366015C,70,0,2.51,38.22
0366020C,64,0,1.77,27.87
0366023C,67,0,2.38,26.15
0366024C,73,0,2.6,40.72
0369007C,73,0,2.25,22.92
0369012C,65,0,2.49,26.53
0369013C,72,0,2.2,30.58
0369016C,74,0,1.94,28.68
0369020C,70,0,1.77,22.5
0369021C,64,0,1.73,20.89
0369024C,71,0,1.91,29.83
0370001C,67,0,2.11,24
0370002C,68,0,1.73,20.04
0370003C,69,0,2.2,20.81
0370005C,71,0,2.47,27.73
0370006C,63,0,1.57,18.86
0370010C,71,0,1.45,21.97
0370012C,65,0,3.16,36.86
0370015C,62,0,1.7,24.64
0370018C,69,0,2.16,21.87
0370020C,68,0,2.02,20.45
0370024C,64,0,2.06,26.55
0375003C,67,0,1.96,33.79
0375007C,72,0,2.21,30.97
0376001C,72,0,2.22,24.43
0376002C,73,0,1.75,36.12
0376004C,69,0,2.16,34.51
0376005C,72,0,2.05,24.14
0376007C,68,0,2.69,33.5
0376008C,74,0,1.71,30.15
0376012C,68,0,2.01,35.19
0376013C,65,0,2.09,35.39
0376014C,64,0,2.57,31.27
0376015C,65,0,2.1,31.5
0376016C,63,0,2.26,32.59
0376017C,73,0,2.69,40
0376019C,63,0,2.3,28.64
0376020C,66,0,1.61,24.79
0376021C,62,0,2.35,32.16
0376024C,70,0,2.31,33.18
0377001C,69,0,2.23,26.9
0377004C,66,0,1.93,34.13
0377005C,68,0,2.07,39.45
0377007C,72,0,2.75,54.15
0377008C,69,0,2.03,46.67
0377009C,66,0,2.14,30.66
0377011C,69,0,2,26.32
0377015C,74,0,2.05,46.71
0377017C,71,0,2.28,32.84
0377018C,61,0,1.49,23.49
0377019C,68,0,1.88,21.02
0377020C,67,0,1.61,22.29
0377024C,63,0,2.06,26.69
0378001C,64,0,1.76,31.05
0378002C,61,0,1.23,28.24
0378004C,67,0,2.16,31.25
0378005C,67,0,1.99,24.87
0378006C,61,0,1.94,17.99
0379001C,66,0,2.37,25.35
0379002C,66,0,1.88,25.51
0379003C,65,0,2.63,27.91
0379005C,64,0,2.33,24.89
0379008C,68,0,2.2,17.82
0379010C,71,0,2.1,25.95
0379011C,65,0,2.36,32.62
0379012C,64,0,1.78,30.38
0379016C,63,0,1.7,25.78
0379019C,65,0,1.82,39.19
0379020C,66,0,2.63,29.05
0379021C,64,0,2.25,38.44
0379022C,68,0,2.55,29.54
0379023C,65,0,2.46,38.59
0379025C,65,0,2.07,26.73
0379026C,69,0,2.55,48.53
0379027C,71,0,1.8,27.31
0380001C,71,0,1.97,23.2
0380003C,64,0,2.14,31.54
0380004C,65,0,2.43,32.72
0380005C,65,0,1.99,28.24
0380006C,68,0,2.1,36.97
0380010C,67,0,1.33,26.09
0380012C,67,0,1.76,23.57
0380014C,72,0,2.49,24.42
0380015C,67,0,1.8,31.29
0380017C,66,0,2.89,40.71
0380019C,67,0,2.28,32.51
0383004C,72,0,2.14,41.53
0383006C,61,0,1.67,22.5
0383008C,62,0,2.36,29.68
0383009C,69,0,2.28,25.42
0383010C,70,0,2.16,26.75
0383011C,72,0,1.99,24.17
0383012C,64,0,2.84,29.94
0383013C,64,0,1.77,25.07
0383014C,69,0,2.86,42.94
0383017C,64,0,2.62,27.63
0383018C,60,0,1.94,24.6
0383019C,61,0,2.68,27.32
0383025C,69,0,2.21,22.55
0386001C,67,1,1.54,23.92
0386011C,66,1,2.03,24.08
0388004C,72,1,1.31,22.98
0388012C,61,1,1.1,26.14
0388015C,65,1,1.41,31.91
0389002C,62,1,1.71,20.67
0389007C,63,1,1.89,20.15
0389014C,68,1,1.67,23.16
0389017C,69,1,1.77,24.48
0390008C,59,1,1.95,25.9
0390013C,65,0,2.64,30.1
0390027C,69,0,2.66,46.23
0391003C,66,1,1.96,39.48
0391006C,61,1,2.38,28.59
0391007C,66,1,2.39,38.76
0391010C,63,1,2.32,38.89
0391011C,61,1,2.33,35.92
0391016C,67,1,2.67,53.17
0391020C,65,1,2.2,38.28
0391023C,71,1,2.78,28.56
0392007C,66,1,1.57,32.76
0392011C,67,1,2.06,24.84
0392012C,54,1,1.49,32.21
0393002C,70,0,2.44,38.56
0393009C,63,0,2.76,24.11
0395007C,65,0,2.99,43.03
0395008C,62,0,1.8,20.63
0395009C,66,0,2.59,32.55
0395011C,69,0,2.17,40.17
0395012C,71,0,2.89,40.54
0395017C,72,0,2.68,32.57
0395018C,64,0,2.59,36.35
0395022C,64,0,2.39,24.27
0395023C,71,0,1.68,23.59
0395024C,69,0,2.3,37.48
0397007C,65,1,1.78,21.68
0397008C,65,0,1.72,33.98
0397011C,69,1,1.84,28.03
0397016C,69,1,2.47,37.3
0397018C,65,1,1.56,26.42
0397021C,65,1,1.72,18.81
0399001C,71,0,1.55,24.56
0399005C,62,1,2.62,21.91
0399008C,68,1,2.1,29.15
0399010C,70,1,2.27,30.58
0401003C,70,0,2.22,37.9
0401012C,63,0,2.41,36.15
0401014C,69,0,2.27,40.65
0401015C,67,0,1.97,26.78
0401016C,63,0,3.01,43.05
0401019C,71,0,2.94,43.94
0401020C,66,0,2.96,38.75
0401021C,62,0,3.12,48.38
0401024C,71,0,2.39,30.86
0403022C,63,0,2.71,33.85
0404001C,67,0,2.1,28.64
0404003C,65,0,2.34,26
0404004C,54,0,2.24,33.63
0404005C,70,0,2.95,29.79
0404008C,70,0,2.32,35.33
0404010C,68,0,2.13,25.75
0404011C,64,0,2.65,24.11
0404014C,63,0,2.06,24.81
0404017C,69,0,2.3,24.81
0404018C,63,0,1.68,20.56
0404020C,65,0,1.87,27.61
0404021C,69,0,2.99,26.49
0405006C,70,0,2.35,41.02
0405007C,68,0,2.37,32.16
0405011C,68,0,2.7,42.42
0405013C,69,0,1.45,27.36
0405014C,73,0,2.71,41.21
0405017C,65,0,1.98,39.4
0405019C,67,0,2.41,42.55
0405024C,71,0,2.31,30.16
0407003C,67,0,1.7,24.01
0407004C,65,0,2.4,28.24
0407005C,72,0,2.31,26.9
0407006C,69,0,2.05,28.03
0407007C,62,0,2.46,30.26
0407009C,65,0,2.26,19.41
0407010C,71,0,2.52,31.32
0407011C,64,0,2.61,38.06
0407012C,62,0,1.86,25.34
0407013C,62,0,3.23,29.43
0407015C,63,0,2.56,40.44
0407016C,74,0,2.47,34.07
0407017C,70,0,2.12,31.29
0407018C,62,0,2.46,28.61
0407019C,61,0,2.57,24.56
0407020C,63,0,2.75,34.64
0407021C,64,0,1.83,28.45
0407022C,61,0,1.8,34.72
0407023C,61,0,2.22,29.05
0407024C,68,0,2.22,40.38
0411002C,68,1,2.33,30.11
0411004C,63,0,2.56,34.84
0411007C,72,0,2.34,31.01
0411016C,65,0,2.79,32.3
0411017C,67,0,2.75,33.51
0411021C,69,0,1.6,26.13
0411022C,67,0,2.27,28.83
0411023C,68,0,1.43,18.2
0414001C,66,0,2.47,30.45
0414002C,68,0,1.98,27.35
0414003C,72,0,2.48,32.81
0414007C,70,0,2.22,28.55
0414012C,70,0,2.46,29.2
0414013C,72,0,2.66,35.97
0414016C,72,0,1.78,36.96
0414017C,62,0,2.43,21.37
0414020C,65,0,2.01,29.96
0414021C,64,0,2.31,36.22
0414023C,66,0,2.09,32.28
0417002C,70,0,2.58,30.08
0417006C,62,0,2.5,34.72
0417008C,67,0,2.88,31.74
0417010C,69,0,1.88,32.45
0417012C,71,0,3.3,48.31
0417013C,68,0,2.51,30.14
0417014C,64,0,2.76,40.52
0417018C,66,0,2.75,33.11
0417019C,63,0,2.17,29.58
0417021C,66,0,2.43,21.23
0417022C,63,0,2.45,35.53
0417024C,61,0,2.23,25.01
0418001C,69,0,1.78,28.78
0418002C,67,0,2.47,49.01
0418005C,67,0,1.89,43.94
0418006C,67,0,2.25,40.65
0418007C,67,0,2.5,35.21
0418009C,64,0,2.65,33.6
0418010C,64,1,2.28,28.31
0418011C,73,0,2.61,32.41
0418014C,71,0,2.82,37.68
0418016C,67,0,2.7,39.98
0418018C,67,0,2.49,35.29
0418019C,61,0,2.14,32.69
0418020C,67,0,2.7,28.07
0418024C,73,0,2.1,29.8
0418025C,69,0,2.28,29.12
0418027C,73,0,2.17,35.84
0425010C,62,0,2.56,24.18
0425011C,69,0,2.13,33.55
0425014C,63,0,2.36,37.32
0425015C,64,0,2.45,33.76
0425019C,61,0,2.42,40.04
0425020C,66,0,2.36,26.96
0425024C,68,0,2.47,39.17
0429002C,63,0,2.21,25.89
0429005C,71,0,2.32,35.27
0429006C,67,0,2.9,33.05
0429008C,62,0,2.53,34.55
0429010C,73,0,2.36,25.53
0429013C,64,0,2.78,31.74
0429015C,67,0,2.39,48.46
0429017C,69,0,2.85,41.58
0429018C,62,0,2.84,30.98
0429019C,72,0,2.44,29.18
0429020C,61,0,2.94,31.12
0429021C,66,0,2.26,30.82
0429022C,73,0,2.09,38
0429024C,72,0,2.63,42.17
0430001C,71,0,1.51,32.56
0430002C,72,0,2.12,41.64
0430003C,65,0,2.04,36.31
0430006C,62,0,1.85,30.9
0430007C,71,0,1.54,22.51
0430008C,66,0,2.45,19.78
0430009C,68,0,1.68,24.74
0430010C,61,0,2.16,36.23
0430011C,71,0,2.11,34.9
0430014C,70,0,2.19,28.02
0430017C,73,0,2.46,47.26
0430018C,68,0,2.39,35.82
0430019C,71,0,2.38,39.71
0430020C,71,0,2.34,47.3
0430022C,61,0,2.63,25.83
0430023C,62,0,1.83,21.81
0430024C,67,0,2.56,33.69
0430025C,69,0,1.72,21.84
0430026C,66,0,2.63,21.29
0431002C,62,0,2.44,34.12
0431004C,72,0,1.23,25.32
0431005C,68,0,2.23,46.8
0431006C,65,0,1.62,35.55
0431007C,62,0,1.61,44.74
0431009C,65,0,2.26,25.14
0431010C,71,0,2.2,38.82
0431012C,62,0,2.24,22.79
0431013C,61,0,2.24,36.62
0431014C,68,0,2.24,31.93
0431015C,61,0,2.75,28.81
0431016C,68,0,2.12,35.28
0431017C,65,0,2.01,25.08
0431018C,64,0,2.05,33.23
0431020C,72,0,2.55,20.53
0431021C,63,0,1.43,41.84
0431023C,69,0,2.35,47.4
0431025C,62,0,2.41,37.45
0432001C,67,0,1.78,32.81
0432003C,69,0,2.1,32.35
0432006C,63,0,2.52,29.72
0432007C,68,0,1.96,27.08
0432011C,61,0,2.25,31.41
0432013C,70,0,2.22,26.01
0432014C,69,0,1.72,28.57
0432015C,64,0,2.56,39.2
0432016C,72,0,1.63,27.15
0432018C,70,0,1.69,26.85
0432019C,63,0,2.02,37.56
0432020C,62,0,1.52,26.42
0432021C,65,0,2.16,23.16
0432022C,64,0,1.81,26.52
0432023C,69,0,2.35,34.83
0433001C,66,0,1.86,36.88
0433005C,62,0,1.4,38.66
0433006C,65,0,1.56,34.09
0433007C,71,0,1.7,26.24
0433008C,67,0,1.99,28.66
0433011C,69,0,2.69,28.88
0433012C,70,0,2.4,42.64
0433013C,68,0,2.24,31.26
0433017C,68,0,2.01,35.46
0434004C,70,0,2.75,28
0434006C,71,0,2.57,35.02
0434007C,63,0,2.35,29.4
0434009C,64,0,2.16,24.02
0434010C,68,0,1.91,34.99
0434015C,71,0,1.9,26.67
0434020C,66,0,1.35,16.32
0434021C,68,0,2.19,25.81
0435004C,71,0,2.85,32.8
0435005C,66,0,1.97,27.49
0435006C,74,0,1.49,20.78
0435010C,62,0,2.33,32.01
0435011C,72,0,2.65,36.69
0435014C,67,0,2.62,33.56
0435015C,71,0,2.38,41.07
0435016C,66,0,2.07,31.24
0435018C,77,0,2.12,43.84
0435019C,66,0,1.76,34.75
0435020C,63,0,2.23,27.33
0435021C,72,0,1.74,27.74
0435022C,71,0,2.08,29.23
0435023C,66,0,2.36,24.47
0435024C,69,0,2.17,30.2
0435026C,67,0,2.19,25.18
0436001C,61,0,2.82,24.86
0436002C,71,0,2.05,25.57
0436003C,69,0,1.88,27.22
0436004C,72,0,2.88,31.02
0436005C,68,0,2.58,31.31
0436006C,63,0,1.86,27.41
0436008C,63,0,2.5,34.34
0436011C,72,0,2.16,37.86
0436012C,70,0,1.79,41.01
0436013C,69,0,3.01,35.44
0436015C,72,0,2.39,29.1
0439002C,63,0,2.64,25.96
0439003C,79,0,1.86,25.01
0439004C,68,0,2.42,28.26
0439006C,68,0,1.93,33.08
0439008C,62,0,2.06,29.15
0439009C,66,0,2.39,44.14
0439011C,67,0,2.14,26.81
0439012C,72,0,2.66,42.18
0439013C,70,0,2.2,29.24
0439018C,64,0,2.81,34.92
0440008C,72,0,2.25,40.36
0440012C,68,0,2.24,32.64
0440017C,70,0,2.73,33.88
0440019C,70,0,2.42,24.61
0440020C,67,0,2.37,40.77
0440022C,72,0,2.44,42.81
0440023C,73,0,1.79,22.03
0441001C,67,0,1.37,25.3
0441002C,71,0,1.77,24.07
0441006C,64,0,1.42,29.11
0441007C,69,0,2.02,32.16
0441010C,70,0,1.85,38.11
0441013C,66,0,1.96,31.07
0441015C,61,0,1.77,31.88
0441018C,71,0,2.5,31.5
0441021C,65,0,1.59,26.67
0441022C,64,0,2.32,33.65
0441023C,65,0,1.99,34.07
0441024C,62,0,1.83,24.33
0442005C,71,0,2.58,37.03
0442009C,73,0,1.85,24.33
0442010C,64,0,1.68,18.16
0442018C,62,0,2.06,29.14
0442023C,68,0,2.38,34.14
0443001C,66,0,2.74,34.13
0443003C,63,0,2.65,42.79
0443005C,71,0,2.53,29.11
0443008C,70,0,2.26,36.74
0443009C,63,0,2.62,37.92
0443012C,71,0,2.88,47.68
0443015C,66,0,2.38,20.26
0443016C,70,0,2.81,37.5
0443017C,67,0,2.6,37.39
0443019C,72,0,2.09,32.71
0443020C,72,0,2.21,40.7
0443021C,66,0,2.24,31.79
0443023C,64,0,2.87,33.39
0444019C,71,1,2.26,28.16
0445006C,74,0,2.21,26.35
0445007C,65,0,2.49,39.03
0445009C,72,0,3,27.93
0445010C,65,0,1.86,28.53
0445011C,71,0,1.86,25.21
0445014C,68,0,1.74,25.28
0445015C,67,0,2.74,40.44
0445023C,72,0,1.56,25.69
0447001C,72,0,2.39,34.37
0447002C,71,0,1.92,30.93
0447007C,65,0,2.07,19.81
0447009C,62,0,2,26.85
0447011C,70,0,2.51,35.86
0447013C,72,0,1.67,38.33
0447015C,67,0,1.89,30.43
0447019C,69,0,1.76,28.01
0447021C,69,0,1.86,24.4
0447022C,61,0,2.49,29.57
0447024C,70,0,2.6,33.7
0449010C,66,1,2.13,30.58
0449018C,61,1,2.12,30
0450009C,67,1,2.16,21.17
0450021C,62,0,2.12,26.68
0451002C,64,0,2.01,26.94
0451003C,67,0,2.52,37.02
0451005C,65,0,1.98,16.55
0451006C,65,0,1.53,35.2
0451009C,71,0,2.09,23.04
0451010C,71,0,2.72,23.17
0451011C,77,0,1.67,31.22
0451014C,74,0,2.41,32.85
0451015C,60,0,2.69,35.09
0451019C,65,0,3.25,31.53
0451020C,67,0,2.68,33.69
0451021C,63,0,2.07,19
0451022C,67,0,1.63,19.44
0451023C,64,0,2.46,26.57
0451025C,63,0,2.07,25.32
0452001C,71,0,1.9,26.97
0452002C,75,0,1.54,27.45
0452004C,65,0,2.88,26.4
0452005C,71,0,2.11,17.53
0452006C,66,0,3.09,23.14
0452008C,69,0,2.4,33.04
0452009C,64,0,2.37,19.71
0452011C,63,0,1.7,19.86
0452012C,70,0,2.5,29.21
0452014C,68,0,2.39,28.46
0452015C,73,0,2.65,31.91
0452016C,74,0,1.78,21.97
0452017C,70,0,2.5,26.52
0452018C,75,0,2.28,41.57
0452019C,64,0,2.07,36.9
0452020C,69,0,1.76,38.2
0452022C,64,0,2.61,29.65
0452023C,64,0,2.09,32.53
0452024C,70,0,2.63,23.34
0452025C,71,0,1.96,33.52
0453002C,70,0,1.77,20.39
0453004C,63,0,2.23,19.47
0453006C,70,0,2.59,28.62
0453007C,68,0,2.2,28.64
0453010C,74,0,2.05,53.25
0453012C,70,0,1.71,23.76
0453013C,75,0,1.65,27.39
0453014C,75,0,2.43,24.13
0453015C,66,0,2.97,29.34
0453017C,65,0,2.2,22.27
0453020C,69,0,2.41,24.92
0453021C,73,0,1.72,25.87
0453022C,72,0,2.4,19.79
0454002C,68,0,2.96,32.74
0454003C,69,0,2.5,36.55
0454005C,73,0,2.71,26.92
0454006C,62,0,1.92,22.17
0454007C,63,0,2.44,27.77
0454008C,66,0,2.5,23.38
0454011C,71,0,1.38,28.32
0454021C,70,0,2.23,20.26
0454022C,61,0,1.73,23.82
0454024C,72,0,2.62,33.37
0455001C,64,0,2.83,28.99
0455004C,66,0,2.56,28.01
0455007C,66,0,2.1,26.57
0455008C,66,0,2.6,22.59
0455009C,67,0,3,28.18
0455010C,61,0,2.76,21.04
0455013C,63,0,2.26,31.9
0455015C,66,0,2.61,35.02
0455016C,61,0,2.45,38.41
0455017C,72,0,2.16,27.13
0455019C,64,0,2.34,27.51
0455022C,66,0,2.48,31.51
0455023C,61,0,2.39,24.65
0455024C,63,0,2.97,32.72
0456008C,69,0,1.94,22.28
0456010C,71,0,1.99,30.12
0456013C,65,0,1.72,19.34
0456014C,64,0,1.95,25.7
0456018C,68,0,1.85,22.27
0456019C,64,0,1.63,27.96
0456022C,68,0,1.62,26.78
0456023C,67,0,2.1,26.3
0458002C,65,0,1.35,21.92
0458005C,71,0,2.26,33.77
0458007C,62,0,2.12,37.64
0458012C,66,0,1.98,23.07
0458013C,61,0,2.64,28.25
0458015C,68,0,2.05,22.34
0458018C,63,0,2.67,21.84
0458022C,61,0,1.64,17.43
0460004C,69,0,1.96,21.64
0460005C,66,0,2.35,32.01
0460007C,69,0,2.49,24.05
0460008C,66,0,2.2,26.91
0460009C,67,0,2.4,22.62
0460010C,71,0,1.68,28.13
0460012C,67,0,2.36,27.49
0460013C,67,0,2.28,24.14
0460015C,68,0,2.21,20.42
0460017C,65,0,2.26,27.75
0460018C,65,0,2.73,28.46
0460019C,64,0,2.6,24.57
0460020C,63,0,2.16,22.75
0460021C,68,0,1.79,18.03
0460022C,70,0,2.93,30.15
0460023C,74,0,1.25,25.54
0460024C,70,0,2.25,24.4
0460025C,66,0,2.06,28.54
0460026C,67,0,2.34,25.99
0461001C,72,0,2.33,26.62
0461005C,70,0,1.84,19.65
0461006C,63,0,1.97,24.7
0461007C,67,0,1.86,24.37
0461008C,64,0,2,19.57
0461009C,69,0,2.3,28.61
0461011C,64,0,1.93,27.57
0461012C,69,0,2.06,34.92
0461014C,64,0,2.12,28.18
0461015C,54,0,2.06,22.22
0461017C,71,0,1.63,24.14
0462002C,64,0,2.38,27.32
0462005C,67,0,1.66,24.73
0462006C,69,0,2.2,23.13
0462007C,73,0,2.2,32.27
0462008C,75,0,2.38,35.37
0462009C,67,0,1.68,27.8
0462011C,63,0,2.67,19.24
0462013C,71,0,2.06,22.87
0462015C,63,0,2.24,36.31
0462019C,64,0,2.1,27.17
0462020C,64,0,2.11,24.67
0462022C,76,0,2.37,30.59
0462024C,69,0,1.81,30.12
0463001C,77,0,1.85,24.99
0463005C,71,0,1.84,18.72
0463006C,68,0,1.97,19.43
0463007C,63,0,1.46,22.43
0463011C,70,0,2.44,35.57
0463012C,74,0,2.23,24.1
0463014C,74,0,2.36,21.89
0463017C,67,0,2.29,24.83
0463018C,62,0,2.27,29.29
0463023C,62,0,1.9,31.68
0463024C,62,0,1.78,21.79
0464001C,61,0,1.86,24.02
0464003C,69,0,2.61,32.52
0464005C,65,0,2.47,30.11
0464006C,63,0,2.53,20.56
0464009C,62,0,2.03,27.52
0464010C,61,0,2.66,27.64
0464012C,69,0,2.58,26.92
0464013C,65,0,2.08,34.98
0464014C,67,0,1.9,30.11
0464015C,69,0,1.98,24.81
0464016C,68,0,2.22,27.29
0464018C,66,0,2.06,21.33
0464019C,65,0,1.41,25.81
0464020C,60,0,2.31,22.6
0464021C,63,0,2.06,21.64
0464022C,66,0,2.05,23.89
0464024C,62,0,1.98,19.71
0465003C,73,0,1.33,30.87
0465004C,70,0,1.92,21.63
0465006C,62,0,2.06,32
0465007C,74,0,1.96,28.7
0465009C,66,0,1.29,22.31
0465010C,65,0,1.55,25.42
0465012C,65,0,1.53,23.52
0465014C,70,0,1.84,21.16
0465018C,67,0,1.78,26.47
0465019C,65,0,1.86,32.02
0465020C,65,0,1.8,21.74
0465021C,64,0,1.73,30.22
0465023C,64,0,2.19,27.41
0466001C,73,0,1.56,21.96
0466004C,72,0,2.09,41.59
0466005C,69,0,2.28,42.78
0466007C,74,0,2.01,30.88
0466008C,65,0,2.29,30.05
0466009C,66,0,1.78,25.36
0466010C,71,0,2.02,28.25
0466011C,76,0,2.25,32.55
0466012C,72,0,1.89,28.34
0466014C,78,0,1.86,23.65
0466017C,70,0,2.5,30.34
0466018C,63,0,2.26,27.27
0466019C,64,0,2.24,20.01
0466020C,70,0,2.34,31.54
0466022C,63,0,2.24,33.18
0466023C,68,0,1.82,26.13
0466024C,71,0,2.49,34.72
0467001C,64,0,1.58,25.48
0467003C,66,0,2.03,21.55
0467004C,65,0,1.73,24.3
0467006C,67,0,2.14,33.59
0467007C,70,0,2.51,38.98
0467008C,67,0,2.36,39.65
0467009C,69,0,2.28,35.35
0467010C,69,0,1.41,34.28
0467011C,74,0,2.19,37.67
0467012C,63,0,2.43,45.31
0467013C,65,0,1.99,26.59
0467015C,74,0,2.6,40.82
0467016C,67,0,1.82,22.1
0467017C,64,0,2.2,34.74
0467019C,62,0,1.62,21.73
0467020C,76,0,2.05,33.29
0467022C,72,0,1.78,45.64
0467025C,65,0,1.63,26.53
0471002C,68,0,2.32,34.57
0471004C,62,1,2.02,25.44
0471006C,69,0,2.16,33.79
0471008C,67,0,1.65,21.3
0471012C,64,0,2.55,40.91
0471015C,64,0,1.72,28.1
0471016C,68,0,2.18,38.26
0471018C,70,0,2.29,22.41
0471021C,73,0,2.73,24.5
0471022C,70,0,2.11,39.03
0473002C,68,0,2.65,28.04
0473003C,67,1,1.96,18.22
0473004C,65,0,2.17,25.49
0473006C,65,0,2.02,39.63
0473008C,65,0,2.9,40.31
0473016C,68,0,2,29.83
0473017C,62,0,2.39,35.1
0473019C,68,0,1.7,29.02
0473024C,64,0,2.09,26.37
0474001C,73,0,1.86,33.38
0474002C,69,0,1.7,23.68
0474003C,68,0,1.35,27.69
0474004C,69,0,1.8,23.32
0474007C,67,0,2.57,31.65
0474008C,64,0,2.77,23.75
0474011C,66,0,2.33,28.68
0474014C,70,0,1.83,31.49
0474015C,68,0,1.7,23.42
0474016C,64,0,1.96,30.01
0474018C,65,0,1.58,26.01
0474019C,71,0,2.6,30.39
0474021C,72,0,2.19,30.82
0474023C,64,0,1.7,24.75
0475001C,64,0,2.77,39.3
0475002C,61,0,2.57,28.84
0475003C,66,0,2.53,26.72
0475004C,66,0,2.66,35.45
0475005C,66,0,2.32,41.53
0475006C,62,0,2.81,34.54
0475009C,62,0,2.96,31.92
0475011C,73,0,2.52,38.5
0475012C,69,0,2.06,35.16
0475014C,66,0,2.61,35.78
0475015C,64,0,1.85,22.04
0475016C,68,0,1.58,36.6
0475020C,62,0,2.61,42.22
0480001C,67,0,1.87,17.44
0480003C,64,0,2.33,31.36
0480004C,73,0,2.11,39.51
0480014C,68,0,1.88,24.59
0480015C,76,0,2.26,28.33
0480017C,62,0,2.19,24.6
0480019C,71,0,2.42,28.79
0480022C,66,0,1.96,18.49
0481002C,62,0,2.83,44.56
0481006C,75,0,2.85,32.72
0481007C,71,0,2.04,37.05
0481012C,74,0,2.51,49.54
0481013C,70,0,1.99,29.85
0481018C,71,0,2.29,46.24
0481021C,66,0,2.55,43.8
0481022C,69,0,2.42,48.26
0481023C,66,0,2.4,24.33
0482002C,71,0,2.42,31.41
0482004C,67,0,1.97,19.25
0482005C,71,0,2.02,42.55
0482007C,65,0,2.32,28.83
0482009C,64,0,2.46,25.89
0482013C,62,0,2.32,31.15
0482014C,62,0,2.09,34.24
0482017C,62,0,1.56,20.69
0482018C,63,0,2.75,36.59
0483001C,65,0,2.75,23.61
0483002C,64,0,1.82,19.33
0483003C,69,0,2.74,36.65
0483006C,66,0,2.33,38.78
0483008C,71,0,1.88,37.64
0483010C,72,0,2.13,22.74
0483012C,69,0,2.05,31.46
0483013C,67,1,1.5,17.45
0483015C,72,0,2.02,36.48
0483016C,67,1,2.15,26.75
0483018C,72,0,1.85,30.25
0483019C,72,1,1.86,20.86
0483021C,73,0,1.73,29.11
0483022C,68,0,2.06,17.9
0483024C,70,0,2.17,42.36
0484001C,66,0,1.82,20.92
0484003C,65,0,1.31,29.76
0484008C,69,0,2.24,29.44
0484010C,68,0,1.28,31.22
0484013C,68,0,1.17,18.57
0484015C,71,1,1.26,20.7
0484018C,69,1,1.98,27.9
0484019C,62,0,1.99,25.43
0484021C,73,0,2.19,23.23
0484024C,65,0,2.15,25.47
0485001C,67,0,1.78,25.04
0485002C,67,0,2.71,37.44
0485004C,73,0,2.2,32.1
0485005C,69,0,2.61,31.49
0485010C,73,0,2.3,37.16
0485011C,69,0,2.57,33.09
0485013C,73,0,2.37,33.72
0485014C,72,0,2.45,31.29
0485015C,65,0,1.83,22.58
0485016C,68,0,1.62,30.95
0485017C,67,0,2.46,31
0485023C,71,0,2.89,45.7
0485024C,67,0,2.72,22.43
0486002C,75,0,1.71,42.67
0486003C,68,0,2.21,29.76
0486004C,76,0,1.96,42.69
0487001C,65,0,1.15,17.7
0487002C,73,0,2.66,33.26
0487003C,71,0,2.31,32.65
0487004C,73,0,1.71,25.89
0487005C,69,0,1.33,26.17
0487006C,62,0,2.19,18.37
0487008C,66,0,1.64,31.21
0487010C,65,0,1.88,25.08
0487011C,73,0,1.83,27.72
0487012C,66,0,1.49,26
0487014C,64,0,0.99,23.17
0487016C,69,0,1.91,31.95
0487017C,66,0,1.6,25.97
0487018C,69,0,1.76,24.76
0487021C,65,0,1.61,34.8
0487022C,66,0,1.21,22.62
0487023C,73,0,2.63,28.59
0488002C,73,0,1.27,38.27
0488003C,76,0,1.83,26.58
0488004C,66,0,2.69,33.59
0488005C,62,0,2.22,31.46
0488007C,73,0,1.91,33.25
0488009C,71,0,2.4,29.28
0488010C,69,0,1.98,38.22
0488011C,76,0,1.69,24.65
0488012C,68,0,2.34,37.91
0488013C,71,0,2.06,43.84
0488015C,63,0,1.5,24.44
0488016C,63,0,1.6,29.02
0488017C,63,0,2.48,19.9
0488018C,67,0,2.05,32.13
0488019C,69,0,1.94,27.16
0488020C,69,0,1.95,29.66
0488021C,69,0,2.3,49.54
0488025C,71,0,2.48,32
0489003C,72,0,2,33.73
0489004C,66,0,2.41,34.01
0489009C,70,0,2.41,33.47
0489014C,64,0,2.95,28.32
0489016C,66,0,2.25,39.61
0489019C,64,0,2.1,27.5
0489020C,72,0,2.33,26.73
0489021C,72,0,1.65,29.88
0489022C,68,0,2.06,33.32
0491004C,73,0,1.96,37.17
0491005C,73,0,1.67,21.56
0491009C,66,0,1.87,24.93
0491011C,75,0,1.88,43.03
0491013C,65,0,1.59,23.37
0491017C,71,0,1.37,31.88
0491018C,67,0,1.76,22.48
0491021C,71,0,1.47,26.01
0492003C,77,0,2.02,34.2
0492006C,70,0,1.99,31.43
0494001C,68,0,2.13,27.12
0494004C,68,0,1.65,28.02
0494006C,69,0,2.32,26.73
0494007C,69,0,1.41,32.97
0494008C,68,0,1.79,28.5
0494010C,70,0,2.58,32.41
0494012C,73,0,1.86,43.17
0494013C,68,0,2.08,25.67
0494014C,70,0,1.65,29.47
0494016C,72,0,1.87,27.49
0494020C,67,0,1.44,27.61
0494021C,62,0,1.78,21.58
0495003C,68,0,2.4,20.48
0495004C,65,0,1.89,35.91
0495005C,69,0,2.53,28.01
0495006C,62,0,1.53,25.93
0495007C,72,0,2.3,27.7
0495008C,65,0,1.9,17.11
0495009C,73,0,2.28,37.56
0495012C,66,0,2.3,28.11
0495013C,70,0,0.98,19.52
0495015C,65,0,1.67,18.91
0495016C,73,0,1.58,21.99
0495017C,66,0,2.26,19.19
0495019C,68,0,1.6,21.02
0495022C,74,0,1.57,26.78
0495023C,63,0,1.87,21.75
0495025C,65,0,2.03,31.63
0500003C,71,0,2.44,28.81
0500005C,74,0,2.16,27.69
0500008C,69,0,1.64,29.37
0500009C,64,0,1.98,33.24
0500014C,66,0,2.78,39.4
0500015C,72,0,2.77,30.6
0500019C,65,0,2.69,28.81
0500022C,67,0,2.59,22.03
0501004C,75,0,2.38,32.65
0501005C,69,0,1.72,22.77
0501006C,65,0,1.35,27.76
0501007C,68,0,1.86,29.46
0501011C,70,0,1.76,24.25
0501013C,67,0,1.88,30.71
0501015C,64,0,1.77,23.84
0501016C,64,0,1.57,27.62
0501018C,70,0,1.87,24.39
0501019C,70,0,1.77,22.03
0501021C,66,0,2.01,32.65
0502001C,62,0,1.89,24.98
0502003C,70,0,1.73,33.76
0502004C,67,0,1.48,20.98
0502006C,68,0,2.1,27.63
0502008C,71,0,2.31,31.03
0502009C,69,0,1.96,26.18
0502010C,72,0,1.38,18.5
0502011C,63,0,1.76,26.01
0502012C,67,0,2.09,32.26
0502015C,64,0,1.81,22.19
0502017C,64,0,1.52,37.16
0502018C,62,0,1.59,23.63
0502020C,68,0,2.16,32.11
0502022C,67,0,2.24,28.75
0502023C,62,0,1.94,29.74
0502024C,67,0,1.87,29.03
0504002C,62,1,1.84,26.06
0504003C,61,1,1.14,18.75
0504006C,71,1,1.78,29.13
0504008C,67,0,1.05,23.99
0504016C,72,1,1.54,24.34
0504017C,64,1,1.87,20.36
0504019C,63,0,1.32,19.58
0504022C,62,1,2.3,25.93
0504024C,66,1,2.55,30.74
0505003C,62,1,1.68,20.44
0505006C,69,1,1.96,29.55
0505011C,71,1,1.78,32.01
0505012C,68,0,1.99,21.76
0505015C,65,1,2.49,37.01
0505016C,72,1,1.51,27.83
0505019C,72,1,1.91,28.57
0505022C,67,1,2.06,42.12
0506003C,69,0,1.92,23.43
0506005C,67,0,2.48,29.8
0506007C,61,0,2.38,33.93
0506010C,61,0,2.23,25.71
0506011C,71,0,2.71,33.66
0506014C,70,0,1.9,34.11
0506015C,62,1,2.38,21.58
0506016C,73,0,1.61,27.54
0506020C,58,0,2.21,29.78
0506023C,70,0,2.33,23.96
0507005C,65,0,2.14,26.03
0507006C,63,0,2.22,32.75
0507010C,64,0,2.22,24.07
0507012C,68,0,2.72,50.12
0507013C,64,0,2.2,33.69
0507014C,72,0,2.92,34.34
0507015C,72,0,2.99,47.57
0507016C,65,0,3.12,33.99
0507017C,69,0,2.29,33.88
0507018C,70,0,2.2,29.41
0508004C,65,0,2.08,28.38
0508005C,64,0,3.19,33.65
0508006C,64,0,2.28,37.57
0508007C,65,0,1.21,32.15
0508009C,69,0,2.47,44.11
0508010C,69,0,2.52,30.11
0508013C,72,0,2.47,28.28
0508014C,70,0,2.21,34.53
0508018C,72,0,2.19,42.37
0508019C,77,0,2.04,33.5
0508020C,64,0,2.58,35.81
0508021C,67,0,2.46,28.12
0508022C,69,0,2.83,37.72
0508024C,67,0,2.32,34.43
0511001C,67,0,1.53,26.1
0511002C,73,0,2.52,24.36
0511003C,63,0,1.57,32.75
0511004C,64,0,1.96,22.28
0511005C,68,0,2.1,28.18
0511006C,66,0,1.82,19.89
0511009C,66,0,1.78,22.25
0511011C,66,0,1.77,25.47
0511012C,71,0,2.13,24.82
0511013C,70,0,2.1,40.13
0511014C,70,0,2.04,21.24
0511016C,65,0,2.16,29.66
0511017C,69,0,1.83,33.86
0511018C,64,0,2.28,25.99
0511019C,68,0,2.57,32.1
0511020C,65,0,1.9,29.18
0511021C,73,0,1.44,29.39
0511023C,69,0,2,30.07
0511024C,64,0,2.09,24.31
0512002C,68,0,2.66,31.8
0512003C,63,0,2.34,21.44
0512004C,65,1,2.5,17.82
0512011C,73,0,2.22,50.3
0512013C,65,0,1.92,28.58
0512014C,67,0,2.2,31.52
0512019C,70,0,1.88,27.69
0513002C,68,0,1.57,30.1
0517003C,72,0,1.71,29.55
0517009C,73,0,2.06,38.37
0517010C,71,0,2.14,43.95
0517019C,77,0,2.13,27.83
0527003C,71,1,2.14,30.35
0527008C,64,0,2.3,34.78
0527009C,64,0,2.38,33.46
0527015C,68,0,2.39,25.14
0527018C,67,0,1.53,25.74
0527020C,68,0,2.04,32.12
0527022C,68,0,1.23,26.77
0528002C,72,0,2.46,23.54
0528006C,74,0,1.9,30.73
0528007C,71,0,2.35,23.34
0528009C,63,0,1.96,31.99
0528011C,70,0,3.17,44.25
0528013C,63,0,2.25,34.34
0528014C,72,0,1.98,28.65
0528016C,65,0,3.04,33.84
0528019C,71,0,1.88,28.5
0528020C,66,0,2.71,35.68
0528024C,68,0,2.61,31.07
0529003C,75,0,1.74,46.91
0529006C,75,0,2.08,30.76
0529010C,64,0,2.22,40.15
0529011C,69,0,1.79,36.85
0529012C,67,0,2.14,36.22
0529013C,70,0,2.12,31.67
0529020C,64,0,2.34,34.67
0529023C,65,0,2,30.27
0529024C,65,0,2.32,53.85
0530004C,65,0,2.01,30.24
0530005C,68,0,1.84,31.96
0530007C,71,0,1.46,20.19
0530008C,72,0,1.86,26.58
0530011C,68,0,1.97,28.87
0530019C,64,0,1.79,21.02
0530020C,66,0,2.05,20.94
0532001C,70,0,1.8,25.87
0532005C,68,0,2.3,39.37
0532007C,75,0,2.13,20.95
0532008C,76,0,1.8,33.28
0532012C,69,0,1.44,39.08
0532013C,73,0,2.15,45.87
0532015C,73,0,1.87,23.73
0532016C,66,0,2.94,41.35
0532017C,64,0,2.42,29.19
0532019C,72,0,2.03,26.69
0532021C,62,0,2.88,32.13
0532023C,70,0,3.09,42.74
0533002C,69,0,2.74,35.81
0533005C,65,0,1.98,32.04
0533008C,66,0,1.62,29.22
0533013C,61,0,1.98,26.52
0533016C,74,0,1.81,27.27
0533018C,66,0,2.17,45.79
0533019C,71,0,2.09,31.36
0533020C,69,0,1.36,31.3
0533022C,71,0,2.19,31.69
0534001C,69,0,1.84,32.98
0534002C,70,0,2.41,28.18
0534003C,71,0,1.57,28.42
0534004C,68,0,2.06,49.17
0534005C,72,0,2.5,25.47
0534006C,74,0,2.18,28.91
0534007C,73,0,2.24,33.27
0534008C,73,0,2.07,25.49
0534010C,71,0,1.71,26.43
0534012C,66,0,2.1,46.25
0536003C,68,0,1.76,25.59
0536008C,72,1,1.58,26.18
0536012C,70,0,2.41,42.22
0536013C,62,0,1.49,22.91
0536014C,66,1,1.24,20.63
0536015C,71,1,1.33,20.04
0536016C,66,0,1.96,34.4
0536018C,63,0,2.07,33.43
0536021C,67,1,2,18.66
0537003C,70,0,2.16,25.86
0537008C,62,0,1.99,19.41
0537009C,68,0,2.13,22.8
0537011C,64,0,2.35,30.42
0537018C,71,0,1.75,33.16
0537023C,72,1,1.33,29.77
0538002C,60,0,1.21,26.49
0538003C,69,0,1.58,19.45
0538004C,65,0,1.6,24.65
0538006C,64,0,1.86,19.57
0538007C,62,0,2.65,20.95
0538008C,65,0,1.87,21.81
0538009C,66,0,1.89,29.49
0538011C,62,0,2.39,22.27
0538012C,68,0,2.29,32.75
0538014C,67,0,2.3,21.61
0538015C,72,0,1.83,26.06
0538016C,64,0,2.14,33.2
0538018C,66,0,2.15,37.63
0546007C,60,1,2.46,39.47
0546008C,65,0,2.13,27.93
0546010C,59,1,2.74,36.1
0546011C,60,0,2.2,29.3
0546014C,57,1,2.21,22.87
0546019C,56,1,2.01,28.72
0546022C,60,1,1.97,16.3
0546025C,65,0,2.13,25.72
0549001C,62,0,1.63,25.17
0549003C,59,0,2.29,38.64
0549004C,66,0,2.44,36.94
0549007C,60,0,2.35,30.07
0549008C,65,0,2.33,29.05
0549009C,63,0,2.88,26.96
0549010C,57,0,2.41,23.53
0549011C,62,0,1.84,32.55
0549013C,57,0,2.06,22.48
0549014C,63,0,1.83,34.17
0549018C,62,0,2.34,33.09
0549019C,61,0,2.4,31.7
0549021C,68,0,2.12,33.46
0550001C,67,1,0.96,15.75
0550002C,67,1,2.22,26.88
0550004C,58,1,1.78,23.06
0550006C,66,1,2.17,29.41
0550007C,61,1,2.57,26.09
0550010C,57,1,1.81,25.65
0550012C,65,1,1.19,28.8
0550013C,67,1,2.27,30.41
0550016C,68,1,1.95,28.02
0550020C,63,1,2.18,42.4
0550024C,61,1,1.93,26.85
0551003C,62,0,2.87,34.42
0551005C,57,0,1.79,21.48
0551006C,67,0,2.79,32.62
0551007C,66,0,2.53,28.31
0551008C,62,0,2.13,34.29
0551010C,63,0,1.81,21.9
0551011C,60,0,2.04,23.42
0551013C,62,0,2.55,29.7
0551014C,70,0,2.1,39.91
0551015C,62,0,2.5,23.82
0551018C,65,0,2.31,25.37
0551020C,65,0,2.55,33.97
0551021C,60,0,2.29,30.68
0551023C,66,0,2.86,30.88
0555005C,64,0,2.5,27.23
0555007C,66,0,2.55,29.4
0555008C,67,0,2.75,39.13
0555010C,60,0,1.88,30.31
0555012C,62,1,1.5,31.94
0555016C,66,0,2.67,23.07
0555018C,58,0,2.87,19.84
0555019C,68,0,1.86,23.6
0555021C,62,0,1.9,26.05
0555022C,63,0,2.24,25.8
0555023C,65,0,2.6,34.29
0555024C,58,0,2.43,18.05
0572004C,62,0,2.41,26.24
0572005C,64,0,2.37,35.66
0572007C,65,0,2.39,22.37
0572008C,59,0,2.21,28.71
0572010C,58,0,2.51,31.27
0572011C,63,0,2.53,24.07
0572012C,60,0,2,20.11
0572013C,64,0,2.25,21.71
0572014C,67,0,2.23,20.26
0572016C,67,0,2.29,25.96
0572017C,68,0,1.99,32.64
0572018C,60,0,2.37,37.18
0572019C,59,0,2.28,29.24
0572021C,61,0,1.74,23.7
0572022C,63,1,2.13,31.74
0572023C,71,0,2.61,30.47
0572024C,62,0,1.91,19.58
0576004C,61,0,2.73,26.92
0576008C,68,0,2.19,25.99
0576014C,65,0,2.17,34.58
0576020C,69,0,2.08,42.21
0576024C,64,0,2.53,37
0580003C,60,0,2.24,25.94
0580009C,62,0,2.49,40.21
0587006C,64,0,2.32,36.25
0587010C,60,0,2.02,26.74
0587013C,71,0,2.19,34.43
0587021C,70,0,2.18,28.05
0587022C,68,0,2.26,36.69
0590002C,64,0,2.45,38.71
0590004C,67,0,2.86,39.98
0590007C,63,0,2.6,45.37
0590011C,61,0,2.63,40.3
0593001C,61,1,2.12,54.64
0593002C,67,0,2.16,22.06
0593004C,61,0,1.95,20.78
0593005C,68,1,1.64,21.57
0593006C,66,1,2.11,22.09
0593010C,69,0,1.7,24.4
0593011C,61,0,2.03,24.88
0593012C,65,0,3.12,36.13
0593015C,68,0,2.63,41.98
0593016C,68,0,2.2,37.42
0593020C,67,0,2.58,45.12
0597003C,60,1,1.59,24.81
0597005C,59,0,2.52,36.77
0597006C,61,1,1.23,25.6
0597009C,64,1,1.68,18.05
0597014C,69,1,1.79,21.34
0597020C,62,1,2.25,20.14
0598001C,62,0,2.62,44.64
0598002C,60,0,2.79,35.47
0598003C,68,0,1.98,27.94
0598004C,67,0,2.36,47.09
0598005C,65,0,1.77,25.7
0598006C,61,0,2.1,25.83
0598007C,64,0,2.29,31.12
0599007C,69,0,2.36,29.89
0599013C,63,1,1.21,23.19
0599014C,66,0,2.32,35.25
0599016C,65,0,2.76,44.72
0599023C,67,0,1.98,27.31
0600001C,60,0,2.03,22.66
0600004C,70,0,1.64,25.22
0600005C,63,0,2.3,31.42
0600011C,71,1,1.07,25.4
0600012C,68,0,2.02,29.89
0600013C,61,1,1.98,28.45
0600014C,65,1,1.82,22.77
0600015C,63,1,1.88,31.16
0600019C,60,1,1.76,22.09
0600020C,64,1,1.71,27.31
0600021C,60,0,2.47,28.43
0600022C,71,1,1.72,35.35
0600023C,67,0,1.24,34.14
0601002C,63,0,2.45,22.31
0601007C,63,0,1.56,34.86
0601010C,72,0,1.92,39.69
0601011C,68,0,1.81,32.76
0601012C,66,1,1.86,21.39
0601020C,68,1,1.6,20.61
0601021C,68,1,1.46,30.6
0601022C,67,1,2.01,24.56
0601023C,64,0,2.18,22.67
0601024C,62,1,2.73,25.71
0602006C,60,0,1.59,19.59
0602009C,66,0,2.41,29.71
0602010C,63,0,2.05,30.55
0602012C,64,0,2.05,25.72
0602013C,64,0,2.2,28.17
0602017C,62,0,1.98,20.2
0602018C,65,0,3.24,42.47
0602019C,64,0,2.8,25.51
0602021C,68,0,2.59,39.02
0602022C,66,0,2.22,33.13
0602023C,63,1,2.88,26.14
0602024C,61,0,2.29,27.6
0605007C,63,1,1.8,28.37
0605009C,67,1,2.51,23.86
0605010C,59,1,1.72,26.67
0605018C,60,0,2.55,28.91
0605022C,64,1,1.96,24.7
0605023C,60,1,1.63,28.52
0606006C,71,0,2.79,54.51
0606007C,65,1,2.25,52.14
0606008C,70,0,2.57,34.53
0606010C,66,0,2.03,31.84
0606011C,63,0,1.45,28.87
0606012C,73,0,2.46,32.04
0606013C,70,0,2.78,42.52
0606014C,60,0,2.35,22.9
0606016C,69,0,2.68,44.92
0606020C,61,0,2.77,39.3
0606021C,68,0,2.28,18.35
0606024C,64,0,2.64,45.07
0609009C,59,0,2.47,50.9
0609013C,62,1,2.06,25.32
0609014C,65,0,2.63,26.8
0609015C,67,0,2.64,42.61
0609017C,68,0,2.01,33.8
0609018C,64,0,1.75,29.88
0609020C,60,1,1.41,28.94
0609024C,69,0,2.74,30.88
0614006C,66,0,2.54,38.77
0614009C,59,1,2.51,26.38
0614010C,66,1,1.52,26.73
0614011C,67,0,2.01,41.59
0614012C,70,1,2.46,27.58
0614013C,70,1,2.22,30.84
0614015C,61,1,1.5,20.94
0614017C,68,0,2.59,40.63
0614020C,69,1,2.18,41.69
0614021C,61,1,1.76,23.84
0614023C,60,1,1.84,23.41
0615007C,61,0,2.16,40.06
0615008C,67,1,2.23,32.2
0615011C,63,0,2.19,42.43
0615018C,62,0,2.67,34.38
0615019C,69,0,2.38,36.95
0615021C,67,0,2.3,48.38
0615023C,73,0,2.05,33.4
0615024C,66,0,1.49,33.15
0618002C,67,0,2.68,40.19
0618003C,68,0,2.27,31.33
0618010C,69,1,2.44,42.79
0618011C,71,1,1.98,46.22
0618015C,61,0,2.21,33.19
0618017C,68,0,2.24,23.66
0618020C,63,0,1.95,28.92
0618023C,60,0,2.62,27.74
0619001C,65,0,1.97,28.69
0619005C,66,0,1.79,40.69
0619006C,66,0,1.29,26.1
0619009C,66,0,1.88,36.41
0619010C,64,0,2.06,24.23
0619011C,67,0,1.65,22.53
0619012C,66,0,2.65,32.96
0619017C,64,0,1.74,27.64
0619018C,66,0,2.04,20.32
0619020C,67,0,2.13,29.72
0619021C,61,0,1.59,22.59
0621003C,65,0,2.66,40.28
0621004C,67,0,2.04,22.43
0621005C,68,0,1.86,21.17
0621006C,63,0,1.87,25.37
0621007C,67,0,2.91,29
0621008C,62,0,1.86,24.05
0621009C,62,0,2.06,25
0621010C,64,0,2.53,41.97
0621011C,67,0,1.69,24.58
0621012C,68,0,2.31,24.91
0621013C,61,0,2.39,31.89
0621014C,70,0,2.15,37.99
0621015C,69,0,1.77,34.5
0621016C,69,0,2.41,36.06
0621017C,66,0,2.13,34.3
0621018C,69,0,1.88,39.8
0621019C,70,0,1.44,29.14
0621020C,68,0,2.12,32.27
0621022C,65,0,2.23,26.24
0621024C,64,0,1.89,19.84
0621025C,69,0,2,30.28
0622003C,64,0,2.07,24.58
0622004C,60,0,2.99,27.35
0622006C,71,1,1.69,26.78
0622007C,69,0,2.5,29.48
0622009C,68,0,2.81,33.01
0622010C,63,1,2.18,34.9
0622013C,60,0,2.23,26.03
0622015C,66,0,1.96,32.7
0622019C,60,0,2.03,27.04
0622024C,59,0,2.51,18.06
0623004C,68,1,1.48,19.42
0623005C,68,0,2.06,30.82
0623006C,59,0,2.09,19.7
0623010C,60,0,1.95,24.51
0623014C,67,0,2.17,17
0623015C,67,0,2.15,22.03
0623020C,64,0,2.15,20.29
0623021C,63,0,2.09,17.79
0626002C,70,0,1.7,42.39
0626005C,62,0,2.73,29.39
0626008C,65,0,1.49,23.78
0626012C,65,0,1.58,30.71
0626015C,68,0,2.59,31.08
0626019C,61,0,2.12,30.82
0626020C,66,0,2.29,32.7
0626023C,73,0,1.99,33.78
0626024C,67,0,2.48,32.44
0635006C,62,1,2.36,40.83
0635007C,62,0,3.1,42.06
0635008C,61,1,2.16,20.53
0635009C,63,0,2.82,48.28
0635010C,65,0,2.33,43.67
0635011C,65,0,2.39,25.09
0635014C,63,0,2.74,25.22
0635015C,69,0,2.67,37.75
0635019C,63,0,2.38,30.2
0635021C,73,0,2.27,43.21
0635023C,64,0,2.5,47.55
0635024C,64,0,2.66,44.93
0635026C,73,0,1.98,23.79
0636011C,69,1,1.85,36.25
0636015C,61,1,1.46,28.02
0636016C,69,1,1.59,29.86
0636019C,61,1,1.52,28.84
0638008C,67,1,1.64,18.61
0638012C,65,0,1.44,35.41
0638018C,67,1,1.76,33.86
0638020C,61,1,2.19,33.53
0639001C,69,0,1.83,20.29
0639003C,66,1,1.48,24.41
0639006C,69,0,2.22,45.43
0639008C,71,0,2.21,37.73
0639024C,64,0,2.23,28.88
0642003C,65,0,1.81,29.37
0642006C,65,0,1.85,36.81
0642008C,63,0,2.13,36.22
0642012C,72,0,1.39,36.88
0642014C,69,0,2.22,47.65
0642016C,69,0,2.12,34.04
0643002C,62,0,2.49,31.34
0643005C,62,0,2.12,26.96
0643006C,62,0,2.65,30.98
0643014C,64,0,2.53,38.32
0643016C,63,0,2.32,29.2
0644002C,67,0,1.61,29.51
0644005C,66,1,1.83,20.41
0644006C,67,1,1.85,17.49
0644008C,63,1,1.55,39.83
0644012C,62,1,1.7,17.56
0644015C,67,0,2.76,30.6
0644016C,70,0,1.67,31.47
0644019C,69,0,1.83,35.69
0644020C,65,1,1.71,24.53
0645001C,67,1,1.18,18.88
0645002C,65,0,1.48,25.36
0645007C,65,1,1.95,30.59
0645009C,64,1,1.86,34.52
0645010C,71,0,2.08,40.28
0645011C,61,1,1.79,32.8
0645013C,64,1,2.53,28.58
0645017C,65,1,1.52,31.88
0645021C,66,1,1.56,33.56
0645023C,61,1,0.95,21.87
0645024C,63,1,1.47,22.91
0646007C,69,0,2.85,38.47
0646008C,62,0,1.8,28.63
0646012C,66,0,2.22,43.38
0646013C,62,0,3.15,38.99
0646021C,70,1,2.05,31.08
0647004C,57,1,1.51,28.52
0647008C,64,0,2.17,33.34
0647010C,71,1,2.45,37.75
0647011C,62,1,2.39,20.24
0647013C,63,1,2.8,31.06
0647016C,61,0,2.14,24.42
0647023C,61,0,2.19,32.43
0649010C,68,1,1,24.12
0649012C,68,1,2.11,34.03
0649017C,64,1,1.53,34.03
0649023C,61,1,1.25,28.45
0650003C,71,0,2.29,22.92
0650015C,62,1,1.65,36.06
0650017C,61,0,1.54,24.35
0650018C,66,1,1.77,26.08
0650019C,67,1,1.53,27.13
0650022C,71,0,1.68,29.53
0650023C,63,0,1.55,26.94
0651003C,66,0,2.52,32.72
0651005C,63,0,2.4,34.58
0651006C,64,0,2.32,20.28
0651009C,68,0,2.27,24.77
0651011C,72,1,1.6,31.8
0651013C,65,0,2.11,45.2
0651015C,62,0,1.79,39.95
0651016C,72,0,1.68,35.48
0651020C,66,0,2.06,22.6
0651021C,61,0,1.94,31.86
0651022C,66,0,1.95,30.95
0651024C,67,0,1.8,36.84
0652005C,69,0,2.16,41.3
0652006C,68,0,2.53,34.88
0652008C,65,0,2.2,34.01
0652009C,62,1,1.85,41.32
0652014C,63,0,2.16,22.26
0653002C,71,1,1.44,26.75
0653006C,66,1,1.62,31.12
0653011C,71,1,1.41,34.01
0653012C,72,1,1.96,30.46
0653014C,67,1,1.19,16.1
0653015C,69,1,1.68,30.67
0653020C,61,1,1.82,27.56
0653022C,67,1,1.84,26.66
0654001C,63,1,1.83,36.69
0654002C,72,1,1.74,23.28
0654006C,62,1,1.96,26.14
0654011C,61,1,1.45,24.83
0654012C,68,1,1.82,33.26
0654014C,66,0,2.24,30.34
0654015C,67,0,1.86,23.51
0654025C,63,1,1.82,34.61
0657014C,69,1,2.14,35.99
0657019C,64,1,1.3,29.01
0657024C,64,1,1.87,25.29
0659008C,61,0,1.25,20.38
0659010C,70,1,2.16,27.17
0659012C,71,1,1.9,40.51
0659016C,69,1,2.17,32.2
0659017C,70,0,2.13,31.42
0659019C,70,1,1.39,19.36
0659021C,72,1,1.19,18.72
0659024C,67,1,2.05,30.16
0661009C,71,0,2.08,24.35
0661010C,62,0,1.95,24.84
0661013C,71,0,1.76,18.93
0661015C,69,0,2.16,25.35
0661017C,65,0,2.11,37.61
0661023C,67,0,2,30.88
0662004C,67,1,1.96,25.19
0662007C,70,0,2.98,36.9
0662008C,72,0,2.35,47.39
0662012C,64,0,2.66,22.87
0662013C,65,0,2.36,40.97
0662015C,64,0,2.36,30.63
0662019C,72,0,2.38,42.7
0662020C,71,0,2.93,49.03
0662022C,72,0,2.38,41.61
0662023C,64,0,2.27,33.51
0662024C,66,0,2.06,40.93
0662025C,64,0,2.21,27.95
0663005C,70,0,2.41,38.17
0663008C,70,0,1.82,43.35
0663010C,71,0,1.66,44.98
0663011C,62,0,2.05,54.31
0663013C,66,0,1.85,46.18
0663016C,66,0,1.85,24.32
0664003C,71,0,2.41,30.3
0664004C,63,0,2.4,22.08
0664005C,71,1,2.93,30.18
0664010C,72,0,2.08,29.33
0664011C,67,1,1.82,25.79
0664013C,72,1,1.76,38.65
0664017C,65,0,1.62,32.22
0664023C,62,1,2.43,21.38
0665004C,71,0,2.16,47.87
0665005C,65,0,2.42,39.46
0665007C,61,0,2,22.99
0665008C,64,0,2.06,36.02
0665010C,72,0,2.16,29.85
0665015C,66,0,2.18,30.26
0665017C,68,0,1.84,29.99
0665019C,71,0,1.78,37.2
0665020C,72,0,2.45,28.08
0665023C,66,1,1.4,26.76
0665024C,70,0,2.06,34.64
0665026C,71,0,2.47,52.88
0665027C,66,0,2.16,28.32
0666005C,72,1,2.78,30.1
0666012C,61,0,2.3,52.11
0666014C,61,0,1.72,34.6
0666016C,63,0,2.42,26.09
0667004C,61,0,1.66,28.2
0667008C,71,0,2.43,30.3
0667009C,61,0,1.98,35.07
0667010C,61,0,1.99,33.87
0667014C,64,0,2.65,28
0667022C,69,0,1.9,27.12
0667023C,66,0,2.76,27.76
0668004C,63,0,2.44,33.23
0668011C,70,0,1.95,32.99
0668014C,64,0,1.83,35.4
0668017C,71,0,2.05,30.99
0668018C,65,0,2.67,52.53
0669001C,70,1,2,20.75
0669002C,63,0,1.73,26.25
0669004C,65,0,1.92,32.48
0669009C,67,0,1.84,26.62
0669010C,67,0,2.3,25.51
0669011C,69,0,2.34,27.01
0669013C,65,0,2.57,28.88
0669014C,70,0,1.88,24.13
0669016C,66,0,1.43,29.07
0669021C,67,0,1.8,28.12
0669022C,64,0,1.74,24.38
0669024C,72,0,1.54,29.29
0671001C,71,0,2.41,43
0671003C,69,0,1.72,27.53
0671005C,72,0,2.9,27.9
0671007C,70,0,2.02,32.09
0671008C,66,0,2.18,34.71
0671010C,73,0,1.8,22.55
0671011C,67,0,2.6,30.4
0671014C,61,0,1.87,24.26
0671017C,72,0,2.81,38.74
0671018C,64,0,2.09,33.42
0673006C,67,1,1.52,47.45
0673020C,64,0,2.05,39.43
0673023C,61,1,2.13,31.1
0676006C,69,1,1.99,21.8
0676007C,69,0,1.89,30.88
0676008C,63,0,1.45,34.04
0676014C,69,0,1.78,30.39
0676019C,63,0,1.59,44.49
0676022C,71,0,1.92,18.44
0678005C,72,0,1.93,39.46
0678010C,70,0,2.09,18.8
0678013C,70,1,2.03,33.14
0678015C,62,0,1.43,24.53
0678017C,62,0,2.13,35.39
0678023C,72,0,1.5,32.23
0678024C,63,0,2.02,32.74
0680002C,68,0,1.86,33.59
0680006C,63,0,1.77,26.4
0680008C,61,1,1.38,19.49
0680009C,70,0,1.79,20.65
0680017C,63,1,2.25,24.47
0680020C,64,1,2.01,30.28
0680021C,70,0,1.95,35.82
0680022C,70,0,2.2,42.05
0682005C,75,0,2.05,23.89
0683019C,69,1,1.88,30.54
0684005C,70,1,1.57,24.84
0684006C,63,0,2.75,20.16
0684011C,61,0,1.26,29.59
0685006C,67,0,2,33.9
0685007C,63,0,2.78,43.71
0685009C,70,0,2.16,36.06
0685011C,72,0,3.04,53.24
0685016C,66,0,2.58,43.15
0685017C,65,0,2.25,33.75
0685019C,73,0,1.72,28.79
0685022C,67,0,2.83,29.93
0686004C,70,1,1.28,34.14
0686013C,62,1,2.17,22.53
0686018C,58,1,1.58,28.21
0686023C,72,1,1.41,24.82
0686024C,64,1,1.2,24.25
0687001C,70,0,1.75,28.51
0687002C,65,0,2.57,34.27
0687005C,62,0,2.78,42.87
0687008C,72,0,2.21,21.51
0687011C,64,0,3.09,34.9
0687015C,68,0,2.4,46.56
0687017C,68,0,2.66,32.05
0687021C,72,0,1.96,47.71
0687022C,61,0,2.51,27.3
0687024C,61,0,2.08,29.72
0687025C,61,0,2.52,32.79
0691005C,72,1,1.64,22.46
0691018C,67,0,2.1,48.18
0695006C,71,0,2.48,41.01
0695007C,72,0,2.35,28.04
0695018C,67,0,1.76,24.02
0695024C,63,0,1.59,30.26
0696001C,66,1,1.32,33.45
0696003C,72,1,1.37,26.05
0696004C,70,1,1.14,26.92
0696013C,69,1,1.66,48.17
0697001C,61,0,1.65,26.38
0697015C,63,0,2.54,21.95
0697017C,66,0,1.58,31.02
0697022C,63,0,2.35,29.97
0697024C,64,0,2.42,23.56
0698007C,69,1,2.44,37.86
0698008C,61,0,2.03,32.7
0698011C,68,0,1.89,34.79
0698024C,65,0,2.01,22
0704007C,67,0,1.6,23.53
0704014C,61,1,1.54,33.56
0704019C,71,1,1.61,31.91
0704022C,70,1,2.15,42.58
0705018C,71,0,1.44,17.95
0706016C,67,0,1.14,34.39
0708004C,71,0,1.41,23.99
0710021C,65,1,1.45,28.49
0711006C,68,1,1.95,25.96
0711011C,61,1,2.19,44.88
0712013C,67,0,2.3,31.39
0712019C,67,1,1.88,36.07
0712025C,67,1,1.72,25.54
0713001C,63,1,2.04,26.21
0714018C,72,0,2.26,34.22
0717003C,71,0,2.21,46.79
0717005C,65,0,1.9,30.91
0717009C,70,0,2.35,30.53
0717010C,61,0,2.77,31.55
0717011C,69,0,2.57,48.57
0717013C,67,0,2.37,39.36
0717015C,66,0,2.61,30.46
0717017C,65,0,2.4,33.27
0717018C,64,0,2.45,19.77
0717021C,66,0,1.73,26.72
0717023C,66,0,2.32,28.05
0718011C,72,0,2.07,39.83
0718014C,70,0,1.89,31.6
0718015C,63,0,1.99,19.72
0718023C,66,0,2.17,37.83
0723005C,74,0,2.6,43.29
0723008C,70,0,1.78,30.37
0723014C,72,0,1.96,25.69
0723016C,69,0,1.8,42.95
0723017C,68,0,1.86,35.52
0723020C,60,0,2.22,46.87
0728002C,68,0,2.02,23.67
0728003C,70,0,2.69,29.52
0728004C,72,0,2.07,26.09
0728005C,65,0,1.91,23.39
0728006C,65,0,2.16,22.69
0728007C,71,0,1.87,28.94
0728009C,66,0,1.23,19.92
0728010C,64,0,1.91,23.78
0728013C,62,0,1.91,28.18
0728014C,65,0,2.68,22.78
0728016C,62,0,2.31,18.81
0728017C,63,0,1.77,23.22
0728018C,61,0,2.09,26.89
0728022C,64,0,1.07,16.29
0728023C,68,0,2.01,24.86
0728024C,65,0,1.21,19.99
0729003C,66,1,1.9,25.36
0729007C,63,0,2.32,38.25
0729009C,63,0,2.48,25.96
0729010C,68,0,1.29,27.19
0729012C,67,0,2.89,28.8
0729013C,69,1,1.99,33
0729015C,61,0,2.89,51.13
0729018C,70,0,1.96,33.83
0729021C,66,0,2.73,46.08
0729022C,65,0,1.87,22.1
0731003C,70,0,1.94,38
0731004C,68,1,1.29,21.22
0731005C,64,0,1.73,18.2
0731009C,68,0,0.99,16.68
0731010C,68,1,1.87,27.19
0731011C,60,1,2.12,16.75
0731018C,69,0,1.74,17.49
0731019C,60,1,1.92,31.13
0731022C,62,1,1.16,27.9
0735005C,71,0,1.98,28.79
0735009C,70,0,1.93,36.29
0735013C,68,0,2.04,26.94
0735019C,63,0,1.79,29.56
0737002C,65,0,2.65,30.9
0737003C,63,0,1.92,22.23
0737004C,64,0,2.63,32.49
0737005C,69,0,2.26,36.94
0737006C,76,0,2.37,28.64
0737008C,64,0,1.93,27.36
0737011C,73,0,2.38,38.84
0737013C,64,0,2.04,31.44
0737015C,66,0,2.16,22.17
0737016C,64,0,2.68,29.33
0737018C,68,0,1.94,36.07
0737020C,69,0,2.07,39.02
0737021C,66,0,1.95,28.71
0737022C,64,0,2.37,26.63
0737023C,70,0,2.4,34.96
0737024C,62,0,2.85,32.1
0739004C,70,0,1.83,27.61
0739005C,68,1,1.91,24.87
0739008C,63,0,1.97,19.12
0739009C,65,0,1.63,24.59
0739010C,62,0,2.81,22.26
0739015C,70,0,1.74,23.56
0739016C,66,0,1.99,23.57
0739020C,69,0,2.01,25.59
0739021C,71,0,1.94,24.36
0739022C,70,0,1.76,25.12
0739023C,62,0,2.07,23.56
0739024C,71,1,1.7,23.92
0740001C,66,0,1.49,33.23
0740004C,67,0,1.64,29.66
0740005C,60,0,1.61,19.18
0740006C,70,0,2.6,32.96
0740007C,63,0,1.96,23.88
0740008C,64,0,1.51,20.18
0740009C,65,0,2.22,36.7
0740010C,69,0,1.53,22.11
0740011C,67,0,1.74,24.05
0740012C,63,0,1.31,26.37
0740013C,65,0,1.77,31.19
0740017C,71,0,2.43,32.31
0740018C,68,0,1.48,29.95
0740021C,63,0,2.12,30.71
0740024C,66,0,2.9,33.24
0743003C,68,0,3.07,31.77
0743005C,67,0,2.51,31.31
0743006C,62,0,1.98,29.08
0743007C,67,1,1.92,20.16
0743008C,69,0,2.22,32.94
0743010C,63,0,1.87,39.09
0743011C,68,0,2.23,22.64
0743012C,62,0,1.96,26.93
0743013C,60,0,1.94,25.25
0743018C,65,0,1.81,32.06
0743019C,59,0,1.71,24.16
0743021C,64,0,1.72,26.46
0743022C,71,0,2.12,21.61
0743023C,63,0,2.47,27.41
0743024C,69,0,2.67,43.4
0745002C,78,0,2.46,39.93
0745003C,61,0,1.77,28.39
0745005C,73,0,2.21,23.93
0745008C,72,0,1.85,31.29
0745010C,69,0,1.34,22.66
0745011C,61,0,1.52,23.27
0745014C,67,0,1.26,24.05
0745016C,62,0,2.27,36
0745017C,67,0,2.32,23.92
0745018C,68,0,1.44,23.43
0745019C,64,0,1.73,32.78
0745020C,63,0,1.97,26.4
0745021C,60,0,1.57,20.77
0745023C,69,0,1.46,25.91
0746001C,71,0,1.79,20.91
0746002C,64,0,2.62,27.76
0746003C,70,0,2.11,25.74
0746004C,72,0,2.48,28.17
0746005C,69,0,2.82,27.97
0746006C,64,0,1.96,26.06
0746007C,67,0,2.06,27.52
0746008C,68,0,2.02,23.83
0746010C,63,0,2.4,26.44
0746011C,63,0,1.94,18.41
0746012C,62,0,2.2,18.81
0746013C,61,0,1.21,21.09
0746015C,68,0,1.46,24.91
0746017C,63,0,2.39,31.4
0746019C,69,0,2.46,39.41
0746020C,62,0,2.83,30.2
0746022C,70,0,2.44,44.57
0746023C,67,0,2.4,33.8
0746024C,61,0,2.2,37.91
0748002C,65,0,1.92,27
0748003C,63,0,1.32,19.23
0748004C,63,0,1.92,22.03
0748005C,68,0,2.4,25.77
0748011C,68,0,2.45,29.22
0748012C,60,0,2.74,28.23
0748014C,61,0,1.73,21.39
0748015C,64,0,1.64,33.38
0748016C,67,0,2.7,27.45
0748017C,62,1,2.27,25.11
0748019C,68,1,1.83,34.52
0748020C,66,0,2.52,34.1
0748023C,61,0,2.41,20.72
0749007C,70,0,1.78,21.13
0749013C,70,0,2.2,20.84
0749016C,67,0,2.54,33.22
0749022C,62,0,1.82,27.02
0750001C,65,0,2.48,37.45
0750002C,71,0,2.48,26.1
0750003C,64,0,2.06,21.55
0750006C,63,0,2.87,34.19
0750007C,71,0,2.62,30.06
0750014C,64,0,2.58,21.91
0750018C,64,0,2.3,35.21
0750021C,75,0,1.94,23.03
0750022C,64,0,2.25,27.57
0751002C,61,0,2.25,32.26
0751007C,60,1,1.96,19.66
0751010C,71,0,0.82,23.09
0751014C,60,0,1.04,22.73
0751017C,71,0,1.25,19.03
0751018C,62,1,1.7,22.48
0751020C,69,1,1.41,27.47
0752003C,69,0,2.82,29.72
0752004C,60,0,1.88,27.78
0752005C,70,0,2.45,32.15
0752007C,65,0,2.23,15.46
0752008C,61,0,2.15,30.12
0752013C,72,0,2.28,31.24
0752016C,64,0,1.8,35.84
0752020C,62,0,1.4,23.69
0753003C,67,0,1.31,22.62
0753006C,66,0,1.76,31.53
0753009C,68,0,1.31,26.56
0753012C,70,0,2.24,31.03
0753015C,70,0,1.46,31.69
0753016C,60,0,1.99,19.59
0753017C,64,0,1.85,30.85
0753018C,70,0,2.19,30.3
0753021C,65,0,1.51,26.65
0753022C,66,0,1.57,19.01
0753023C,70,0,1.77,23.4
0753024C,62,0,2.03,40.13
0754001C,71,0,1.51,30.84
0754002C,63,0,1.82,22.95
0754003C,65,0,1.92,37.35
0754004C,62,0,1.29,19.87
0754005C,68,0,1.82,30.29
0754008C,66,0,1.54,29.9
0754009C,68,0,1.12,20.95
0754011C,65,0,2,34.48
0754014C,69,0,2.14,26.23
0754017C,70,0,2.16,23.25
0754018C,59,0,0.96,25.53
0754021C,60,0,1.83,28.14
0755004C,65,0,2.44,26.6
0755009C,63,0,2.32,28.57
0755010C,62,0,1.47,27.37
0755014C,65,0,1.74,26.68
0755018C,66,0,2.02,27.65
0755023C,69,0,2.41,29.44
0755024C,70,0,2.24,43.84
0757002C,71,0,1.29,28.95
0757003C,70,1,1.54,22.94
0757004C,70,1,2.14,26.27
0757007C,71,1,1.14,26.91
0757009C,72,1,1.4,26.71
0757012C,62,1,1.01,32.15
0757014C,70,1,1.49,20.9
0757016C,65,1,2.61,24.4
0757017C,62,1,1.99,22.94
0757018C,68,1,1.98,26.72
0757019C,61,1,2.3,28.03
0757020C,69,1,1.65,27.8
0757021C,67,1,1.18,21.65
0757022C,67,1,0.94,18.85
0757023C,65,1,2.32,27.31
0758001C,68,1,2.23,25.99
0758003C,69,1,0.99,18.58
0758004C,62,1,1.94,17.99
0758006C,68,1,1.37,28.68
0758008C,61,1,2.76,21.11
0758009C,61,1,1.68,27.78
0758010C,67,1,1.27,23.42
0758012C,66,1,1.41,24.03
0758013C,66,1,1.45,23.4
0758014C,66,1,1.32,23.17
0758015C,72,1,1.87,20.01
0758017C,70,1,1.11,19.21
0758019C,69,1,1.17,22.57
0758020C,69,1,1.39,19.19
0759001C,61,1,2.28,24.38
0759002C,64,1,1.73,25.68
0759004C,63,1,1.42,21.88
0759006C,61,1,1.46,25.99
0759008C,68,1,1.45,22.73
0759009C,71,1,1.68,22.55
0759010C,63,1,1.79,24.68
0759012C,70,1,1.08,25.01
0759014C,61,1,1.76,16.58
0759015C,70,1,1.73,25.82
0759018C,62,1,1.21,21.12
0759020C,63,1,1.37,25.79
0759021C,72,1,1.87,27.98
0759022C,68,1,1.76,26.94
0759023C,61,1,1.71,26.28
0761001C,66,1,1.54,23.42
0761002C,62,1,1.45,25.97
0761004C,67,1,1.35,25.21
0761005C,70,1,1.73,23.12
0761006C,65,1,2.12,18.01
0761007C,68,1,1.69,19.64
0761009C,61,1,1.31,24.47
0761010C,63,1,1.24,15.93
0761012C,68,1,1.3,24.85
0761013C,63,1,1.15,16.07
0761014C,65,1,1.56,15.36
0761015C,54,1,1.08,21.39
0761016C,65,1,2.05,24.54
0761018C,69,1,1.63,18.02
0761022C,63,1,1.79,23.35
0761023C,69,1,2.83,31.97
0761025C,65,1,2.24,27.36
0762001C,63,1,1.09,21.86
0762004C,62,1,2.09,22.99
0762005C,54,1,1.24,17.35
0762006C,69,1,1.73,27.38
0762009C,66,0,2.01,27.92
0762011C,72,1,1.43,20.4
0762012C,68,1,1.43,23.21
0762013C,69,1,2.08,29.38
0762014C,70,0,1.49,29.53
0762015C,69,1,1.45,22.18
0762018C,72,0,2.08,33.89
0762019C,62,1,1.43,25.74
0762020C,61,1,1.6,27.62
0762025C,70,0,1.58,22.82
0764001C,57,1,1.69,32.2
0764002C,62,1,1.93,21.92
0764005C,61,1,1.42,23.39
0764006C,63,1,1.43,24.25
0764007C,69,1,1.75,29.71
0764009C,61,1,1.58,24.89
0764011C,63,1,1.1,21.94
0764012C,64,1,1.03,16.92
0764013C,72,1,1.29,23.05
0764014C,67,1,1.31,26.4
0764016C,61,1,1.59,23.97
0764017C,62,1,1.29,24.71
0764019C,65,1,1.25,19.76
0764020C,61,1,2.1,27.24
0764021C,70,1,1.48,26.18
0764022C,67,1,1.21,27.25
0764024C,71,1,0.92,24.75
0765002C,65,1,1.4,26.39
0765003C,72,1,1.57,27.84
0765005C,68,1,0.89,19.89
0765008C,70,1,1.63,22.3
0765009C,69,1,1.96,25.66
0765010C,67,1,1.19,28.7
0765011C,62,1,1.47,24.55
0765012C,61,1,1.54,15.93
0765013C,70,1,2.2,26.58
0765015C,62,1,1.27,23.13
0765016C,70,1,2.2,27.6
0765017C,70,1,1.48,23.58
0765019C,71,1,1.22,23.61
0765020C,62,1,1.61,21.15
0765021C,67,1,0.79,23.56
0766002C,69,1,1.6,25.66
0766003C,65,1,1.77,31.35
0766005C,69,1,1.06,27.14
0766007C,72,1,2.19,30.03
0766008C,60,1,1.28,30.89
0766009C,65,1,1.28,23.74
0766010C,68,1,1.96,30.07
0766011C,61,1,1.64,25.47
0766016C,68,1,2.16,30.43
0766018C,68,1,1.73,22.3
0766019C,62,1,1.38,23.19
0766020C,66,1,1.32,15.37
0766022C,62,1,1.21,19.21
0766024C,64,1,1.26,23.15
0769003C,66,0,2.26,42.37
0769005C,66,0,1.98,19.81
0769006C,71,0,1.74,24.98
0769007C,64,0,2.26,28.65
0769008C,70,0,2.29,23.8
0769009C,70,0,2.09,46.14
0769011C,72,0,2.06,23.61
0769013C,65,0,2.63,30.16
0769014C,61,0,2.18,18.33
0769016C,66,1,1.39,19.8
0769017C,76,0,2.78,35.82
0769020C,68,0,2.05,34.54
0769024C,63,0,2.44,21.58
0770014C,64,0,2.24,27.78
0770015C,66,0,2.5,45.18
0770017C,71,0,1.7,24.6
0770018C,64,0,1.77,21.39
0770021C,61,1,0.99,26.29
0770025C,61,1,1.19,24.74
0771001C,70,0,3.36,40.91
0771006C,62,0,2.06,39.78
0771007C,66,0,2.64,35.13
0771010C,62,0,2.4,41.37
0771012C,65,0,2.16,29.66
0771013C,68,0,2.08,22.18
0771014C,71,0,2.05,28.6
0771015C,65,0,2.45,38.37
0771017C,69,0,2.71,25.58
0771018C,64,0,2.53,35.44
0774017C,68,0,1.65,28.17
0775004C,71,0,2.11,28.36
0775008C,69,0,2.44,41.61
0775014C,71,1,2.41,21.66
0775015C,67,0,1.71,24.99
0775016C,64,1,1.04,18.71
0775019C,60,1,1.65,25.71
0776001C,62,0,2.25,22.13
0776003C,60,0,2.05,30.03
0776004C,70,0,1.57,21.62
0776005C,60,0,1.71,29.2
0776007C,71,0,2.14,31.41
0776009C,68,0,1.21,27.15
0776012C,68,0,2.25,25.46
0776013C,70,0,1.4,25.13
0776015C,60,0,1.15,18.75
0776017C,69,0,2,39.68
0776020C,60,0,2.15,39.93
0776021C,60,0,2.03,23.9
0776023C,65,0,1.97,28.42
0776024C,67,0,1.8,26.3
0777002C,66,0,2.68,54.43
0777003C,68,0,1.65,25.56
0777005C,66,0,1.92,29.32
0777006C,62,0,1.76,27.22
0777007C,60,0,1.73,30.48
0777008C,65,0,1.8,33.68
0777009C,61,1,2.47,27.9
0777013C,67,0,2.35,46.92
0777015C,67,0,2.46,30.85
0777016C,70,0,2.08,21.35
0777017C,62,0,1.63,24.23
0777019C,66,0,2.51,28.76
0777023C,65,0,2.52,30.99
0779003C,69,0,1.65,18.72
0779007C,63,0,1.57,19.61
0779009C,66,0,1.58,19.44
0779010C,69,0,2.7,29.86
0779012C,64,0,1.57,23.07
0779013C,66,0,1.26,21.95
0779014C,71,0,1.52,22.26
0779015C,62,0,1.84,23.04
0779016C,66,0,2.27,44.42
0779019C,62,0,1.95,22.13
0779020C,64,0,2.14,23.43
0779022C,66,0,1.84,18.71
0779024C,67,0,1.51,21.82
0781015C,70,0,2.45,24.13
0783003C,68,0,2.65,32.65
0783004C,72,0,1.87,25.74
0783006C,69,0,1.7,17.9
0783009C,70,0,1.31,20.94
0783010C,75,0,1.47,23.94
0783011C,68,0,2.26,31.98
0783012C,63,0,1.92,24.23
0783013C,64,0,2.02,24.58
0783014C,68,0,1.85,31.27
0783022C,61,0,2.02,32.93
0785002C,61,0,1.57,29.29
0785003C,72,0,2.09,31.85
0785005C,69,0,2.04,29.01
0785006C,62,0,2.7,33.1
0785008C,71,0,1.66,29.16
0785010C,68,0,2.24,31.53
0785011C,60,0,2.1,23.21
0785013C,71,0,1.58,30.35
0785014C,68,0,2.71,37.28
0785015C,61,0,2.48,25.68
0785020C,65,0,1.97,25.4
0790004C,66,0,2.15,24.58
0790015C,68,0,1.45,29.37
0790018C,65,0,2.82,22.99
0790019C,63,0,2.04,26.95
0790020C,66,0,2.79,38.75
0790022C,64,1,1.43,20.46
0790024C,70,0,2.56,36.91
0797003C,70,0,1.18,21.87
0797009C,75,0,1.84,23.91
0797010C,65,0,1.95,30.36
0797011C,66,0,1.99,43.78
0797014C,70,0,1.85,26.28
0797018C,65,0,1.81,18.06
0797021C,67,0,2.22,33.76
0797022C,62,0,1.45,30.86
0797025C,70,0,1.04,23.16
0799006C,67,0,1.15,21.23
0799011C,71,0,2.2,33.35
0799013C,67,0,1.46,21.43
0799015C,61,0,2.18,26.08
0799018C,64,0,1.98,16.84
0799020C,70,0,1.61,30.22
0799024C,66,0,2.31,28.06
0800002C,71,0,1.72,27.35
0800003C,68,0,1.61,25.39
0800006C,73,0,2.29,44.39
0800009C,67,0,1.19,22.84
0800011C,67,0,2.21,19.15
0800012C,70,0,1.41,20.26
0800014C,59,0,2.34,33.17
0800015C,71,0,2.18,28.41
0800016C,68,0,1.61,24.51
0800018C,67,0,1.31,24.55
0800021C,64,0,2.03,30.09
0800023C,67,0,1.58,22.65
0800024C,61,0,1.47,17.58
0802004C,74,0,2.44,45.79
0803001C,67,0,1.9,28.37
0803002C,70,0,1.41,22.38
0803004C,70,0,1.51,25.1
0803008C,63,0,1.46,24.83
0803010C,61,0,1.56,29.08
0803012C,62,0,1.71,30.06
0803015C,70,0,1.39,23.72
0803016C,70,0,1.35,27.73
0803017C,61,0,1.2,28.27
0803020C,66,0,1.72,22.3
0803022C,65,0,1.38,28.58
0803024C,62,0,1.72,26.66
0804003C,65,1,1.74,20.29
0804004C,69,0,1.61,18.99
0804007C,63,0,2.38,29.05
0804011C,69,0,1.23,19.24
0804012C,61,0,1.98,31.73
0804014C,66,0,2.45,31.13
0804019C,71,0,1.85,28
0804020C,63,0,2.17,40.49
0804022C,71,0,1.61,30.22
0804023C,63,0,1.83,28.21
0804024C,71,0,1.19,30.39
0805001C,62,0,2.45,21.9
0805002C,68,0,1.29,18.56
0805003C,60,0,0.96,21.52
0805005C,60,0,1.46,23.09
0805006C,64,0,2.58,30.58
0805008C,64,0,2.27,38.07
0805009C,61,0,1.21,20.57
0805010C,67,0,2,29.83
0805013C,69,0,1.74,24.47
0805017C,65,0,2.17,37.14
0805018C,71,0,2.2,31.38
0805019C,64,0,2,18.35
0805020C,60,0,1.69,25.55
0808002C,62,0,1.67,20.06
0808003C,70,0,2.4,20.44
0808004C,70,0,2.08,37.81
0808007C,69,0,1.02,20.6
0808008C,63,0,2.44,29.11
0808009C,72,0,2.17,49.48
0808013C,67,1,2.11,20.47
0808014C,68,1,2.13,21.78
0808015C,71,0,1.62,23.8
0808017C,63,0,2.39,34.83
0808019C,62,1,2.65,30.53
0808020C,66,0,1.99,25.53
0808022C,61,1,2.14,30.78
0809001C,70,0,1.85,30
0809002C,72,0,1.44,26.46
0809003C,72,0,1.95,28.35
0809004C,61,0,1.55,24.08
0809005C,72,0,1.99,28.13
0809007C,72,0,2.14,50.6
0809009C,72,0,2.02,33.77
0809010C,72,0,2.01,22.32
0809011C,72,0,2.01,28.5
0809012C,79,0,1.02,25.06
0809013C,66,0,2.36,25.72
0809018C,72,0,2.21,34.17
0809019C,63,1,2.05,20.52
0809020C,69,0,1.58,32.57
0809021C,66,0,2.01,32.25
0809023C,65,0,2.54,34.18
0810002C,65,1,1.7,16.53
0810004C,64,1,2.11,27.28
0810008C,62,1,1.4,18.6
0810010C,65,1,1.93,22.18
0810014C,62,1,0.96,23.04
0810018C,68,1,1.92,18.86
0810021C,62,1,1.46,17.85
0810023C,67,1,1.73,21.91
0811002C,69,0,2.44,34.06
0811008C,67,1,1.92,31.92
0811011C,71,1,1.81,28.52
0811015C,66,1,1.84,21.62
0811017C,62,1,1.6,24.82
0811020C,71,1,1.42,26.77
0811021C,63,1,1.8,25.93
0811023C,63,1,1.87,26.67
0812002C,69,0,1.99,26.77
0812004C,69,0,2.1,25.36
0812005C,71,0,2.17,34.43
0812006C,63,0,2.55,32.04
0812008C,57,0,2.8,45.53
0812009C,63,0,2.34,24.7
0812011C,65,0,2.43,37.8
0812012C,54,0,2.9,26.71
0812013C,61,0,2.13,24.51
0812015C,70,0,2.01,28.5
0812016C,62,0,1.95,25.4
0812017C,69,0,1.88,30.04
0812018C,64,0,1.84,26.09
0812019C,69,0,2.22,40.62
0812021C,66,0,2.07,21.67
0812023C,67,0,2.1,43.15
0812024C,68,0,2.26,35.54
0814003C,63,1,1.9,19.98
0814005C,67,1,1.56,25.38
0814009C,64,1,2.19,30.05
0814010C,61,1,1.44,15.93
0814014C,62,1,1.5,20.01
0814018C,63,1,2.11,23.03
0814019C,68,1,2.01,24.67
0814022C,68,1,1.5,50.26
0815003C,62,0,2.48,37.26
0815004C,67,0,2.35,22.01
0815006C,63,0,2.46,23.6
0815007C,71,0,2.1,26.51
0815008C,62,0,1.59,16.57
0815009C,67,0,1.92,26.09
0815010C,61,0,1.74,34.07
0815011C,64,1,1.56,20.1
0815014C,62,0,1.58,26.78
0815015C,67,1,1.87,19.11
0815018C,71,0,2.02,21.07
0815020C,71,0,1.91,31.9
0815021C,54,0,2.17,23.34
0815022C,65,0,2.37,30.65
0815023C,63,0,1.96,18.24
0816008C,70,0,2.16,46.47
0816010C,64,1,2.35,24.84
0816013C,70,0,2.72,28.63
0816014C,66,1,1.65,29.55
0816015C,61,0,3.02,33.81
0816016C,72,0,2.25,31.03
0816018C,68,1,2.23,34.19
0816020C,64,1,1.92,26.49
0816024C,71,0,2.26,28.37
0817004C,67,1,2.21,28.18
0817005C,67,1,2.03,29.05
0817010C,71,1,1.99,29.61
0817014C,66,1,1.69,36.75
0817016C,67,1,1.4,22.68
0817024C,69,1,1.91,24.87
0818001C,67,0,1.5,24.91
0818003C,72,0,1.33,18.43
0818007C,65,0,1.84,27.08
0818010C,54,0,2.09,18.45
0818012C,61,0,1.67,20.1
0818013C,63,0,1.7,17.99
0818014C,66,0,2.06,25.08
0818015C,64,1,1.68,24.97
0818016C,62,0,1.84,22.26
0818017C,67,1,1.35,22.51
0818018C,66,0,1.7,21.83
0818019C,65,0,1.73,19.86
0818020C,71,0,1.19,24.28
0818021C,71,1,1.59,23.67
0819001C,65,0,2.03,30.65
0819003C,63,0,1.62,31.4
0819004C,67,0,2.04,25.03
0819007C,72,0,1.46,17.05
0819008C,65,1,0.98,15.61
0819009C,61,1,1.47,18.97
0819010C,79,0,1.11,28.82
0819011C,62,0,2.17,26.88
0819013C,71,0,1.43,25.02
0819019C,62,1,1.32,23
0819020C,62,0,1.29,16.37
0819021C,71,1,1.67,21.9
0819022C,70,1,1.34,20.97
0819023C,69,0,1.79,18.83
0822007C,57,0,2.01,16.92
0824007C,65,0,1.97,35.22
0824010C,68,1,1.13,17.53
0824011C,63,0,2.12,26.03
0824012C,65,1,2.15,26.23
0824013C,61,0,2.09,32.31
0824015C,72,0,1.57,31.21
0824018C,64,0,2.11,26.44
0824019C,65,0,1.7,33.39
0824021C,63,0,1.63,25.38
0824022C,64,0,1.97,19.91
0824023C,72,0,1.34,22.08
0825003C,68,1,1.6,26.97
0825004C,61,0,2.2,26.98
0825006C,70,1,1.54,17.72
0825018C,71,1,2.28,30.71
0825019C,62,1,1.28,19.19
0826001C,56,1,1.32,26.86
0826002C,70,1,1.7,17.49
0826005C,70,1,1.52,29.17
0826008C,67,1,2.29,22.3
0826010C,68,1,0.92,26.28
0826012C,68,1,1.95,21.56
0826014C,70,1,1.46,33.76
0826015C,68,1,1.42,21.03
0826016C,70,1,0.84,16.03
0826017C,64,1,2.07,18.49
0826018C,66,1,1.49,19.76
0826019C,61,1,1.63,16.86
0826020C,61,1,1.31,18.8
0826021C,67,1,1.38,19.71
0826023C,65,1,1.23,23.19
0827004C,60,1,1.14,38.83
0827016C,66,1,1.48,18.42
0827020C,66,0,1.71,23.86
0827023C,72,1,2.04,26.73
0827024C,71,1,1.27,25.09
0828004C,71,0,2.54,31.68
0828005C,68,0,2.13,29.14
0828006C,71,0,1.92,48
0828008C,63,0,2.36,26.88
0828010C,63,0,2.1,25.82
0828011C,65,1,1.5,31.8
0828012C,71,0,2.28,47.08
0828013C,65,0,2.42,35.2
0828015C,66,0,1.92,32.98
0828016C,71,0,2.14,31.03
0828018C,65,0,2.58,34.13
0828019C,74,0,2.01,46.86
0828020C,64,0,2.07,26.83
0828022C,74,0,2.57,34.09
0829002C,68,0,1.99,43.93
0829003C,71,1,2.47,27.74
0829005C,60,1,2.13,32.23
0829008C,61,1,1.29,30.49
0829011C,63,1,2.44,25.03
0829012C,71,0,2.84,53.78
0829015C,68,1,1.98,16.34
0829016C,65,0,2.97,41.53
0829018C,60,1,1.95,33.21
0829020C,72,0,2.08,28.68
0829021C,63,1,2.33,23.59
0830001C,66,0,1.79,26.58
0830003C,62,0,1.9,29.11
0830004C,71,0,1.96,28.18
0830006C,66,0,2.42,32.85
0830007C,61,0,1.8,26.68
0830010C,72,0,3.08,47.67
0830011C,66,0,2.47,31.87
0830012C,68,0,1.63,22.42
0830013C,72,0,2.35,42.1
0830014C,72,0,2.15,26.74
0830016C,65,0,1.8,45.83
0830017C,72,0,2.91,32.88
0830019C,63,0,1.76,30.59
0831003C,67,1,1.84,23.5
0831004C,72,1,1.74,28.33
0831008C,67,1,1.74,29.15
0831011C,68,1,2.04,22.8
0831013C,66,1,2.43,42.78
0831014C,69,1,2.18,27.5
0832003C,67,0,1.89,19.9
0832005C,69,1,2.03,22.43
0832006C,68,0,1.36,24.88
0832007C,71,0,2.69,25.77
0832013C,68,0,2.25,26.94
0832014C,64,0,2.14,25.53
0832015C,68,0,1.71,30.31
0832020C,62,1,2.61,19.24
0832022C,68,0,2.63,32.07
0832023C,61,0,1.67,19.86
0833002C,69,0,2.48,29.95
0833003C,70,0,1.74,27.88
0833005C,61,0,1.95,25.87
0833007C,69,0,1.64,18.16
0833008C,62,0,2.19,22.83
0833010C,64,0,1.91,24.25
0833012C,71,0,2.01,24.59
0833014C,62,0,1.3,19.49
0833015C,71,0,1.46,15.75
0833018C,63,0,1.97,27.43
0833019C,71,0,1.62,19.94
0833024C,61,0,1.7,19.49
0834002C,61,0,1.46,18.19
0834004C,66,0,2.45,25.94
0834007C,66,0,1.83,19.95
0834010C,71,0,2.12,20.61
0834011C,68,0,2.16,21.74
0834016C,60,0,1.51,29.36
0834020C,62,0,1.75,31.52
0834021C,71,0,2.2,30.78
0834022C,62,0,1.82,20.01
0834023C,78,0,2.11,18.83
0836008C,70,1,1.5,27.78
0836010C,66,1,1.92,22.15
0836014C,61,1,1.98,29.77
0836018C,66,1,1.4,30.31
0836019C,62,0,1.11,20.52
0836020C,63,0,1.69,36.78
0836021C,68,1,2.51,27.09
0836023C,67,1,1.81,21.47
0836024C,67,1,1.95,23.62
0837003C,62,1,1.42,19.5
0837004C,64,1,1.79,26.37
0837005C,69,0,1.31,21.55
0837006C,70,1,1.07,22
0837016C,65,1,1.19,25.96
0837017C,70,1,1.06,21.37
0837025C,69,0,1.15,24.21
0838004C,65,0,2.45,30.66
0838006C,63,0,2.02,29.86
0838009C,66,0,1.55,43.59
0838012C,63,0,2.29,36.14
0838015C,69,0,2.05,36.59
0838016C,60,1,1.46,30.81
0838017C,60,0,2.34,36.21
0838019C,63,0,2.43,40.2
0838023C,67,0,1.71,24.86
0838024C,69,1,1.3,23.7
0838025C,69,1,1.3,27.26
0839013C,63,1,1.34,19.04
0839014C,70,0,1.73,28.84
0839015C,72,0,1.72,36.22
0839016C,64,0,2.56,54.59
0839017C,65,0,2.37,46.38
0839018C,63,0,2.61,34.19
0840005C,77,0,2.23,33.84
0840006C,73,0,2.62,48.25
0840007C,70,0,1.76,30.47
0840008C,73,0,2.27,41.56
0840010C,68,0,2.45,28.08
0840011C,74,0,2,33.33
0840013C,74,0,2.22,31.78
0840017C,64,0,2.38,43.93
0840018C,76,0,2.11,36.43
0840019C,65,0,2.15,28.22
0840020C,67,0,2.5,31.17
0840022C,72,0,2.21,33.74
0840024C,66,0,2.15,44.23
0841002C,68,1,2.11,37.03
0841003C,60,1,1.13,33.61
0841005C,58,1,1.32,26.24
0841007C,58,1,1.44,20.99
0841008C,62,1,1.88,25.19
0841014C,63,1,1.8,28.99
0841019C,62,1,1.33,18.39
0841022C,64,1,1.54,37.35
0842009C,60,1,1.72,23.61
0842013C,57,1,1.39,19.03
0842017C,64,1,2.28,38.61
0842020C,68,1,1.55,30.35
0845003C,63,1,2,19.19
0845005C,60,1,2.28,22
0845009C,62,0,1.59,22.46
0845010C,64,1,1.69,26.88
0845011C,67,0,0.79,16.67
0845013C,61,1,1.52,27.51
0845015C,66,1,1.07,20.17
0845017C,66,1,2.16,30.87
0845020C,63,1,1.05,16.65
0845021C,70,1,1.84,20.67
0845024C,61,1,1.78,27.05
0845025C,65,1,1.92,21.45
0847006C,62,0,2.34,40.63
0847019C,70,1,2.33,44.14
0847022C,62,1,1.64,28.17
0847024C,66,1,1.06,25.55
0848001C,66,1,1.85,27.95
0848002C,63,1,2.44,29.45
0848004C,68,1,1.23,24.12
0848005C,66,1,1.58,17.71
0848007C,76,1,2.05,25.12
0848010C,68,1,1.98,21.46
0848011C,62,1,1.87,27.4
0848012C,63,1,0.7,15.61
0848016C,69,1,1.47,21.78
0848023C,60,1,1.33,17.27
0849006C,68,1,1.21,30.61
0849012C,67,1,1.6,28.44
0849014C,69,1,2.21,21.72
0849015C,65,1,1.67,23.62
0849016C,61,0,1.73,23.75
0849017C,69,1,1.69,28.48
0849020C,63,1,2.44,22.17
0849023C,71,1,2.1,42.43
0850003C,62,0,1.56,31.79
0850004C,62,0,1.84,37.39
0850006C,61,0,2.7,32.59
0850007C,67,0,2.23,30.73
0850008C,70,0,2.86,35.43
0850009C,69,0,2.46,36.76
0850010C,61,0,2.98,27.63
0850011C,66,0,2.18,29.36
0850012C,66,0,2.29,29.92
0850013C,62,0,2.94,24.6
0850015C,64,0,2.16,25.7
0850016C,61,0,1.76,27.15
0850017C,71,0,1.76,32.15
0850020C,65,0,2.07,50.11
0850021C,63,0,2.42,30.64
0850022C,60,0,1.64,33.37
0851007C,60,1,2.11,29.34
0851011C,67,1,0.91,19.53
0851013C,77,1,1.22,18.55
0851019C,71,1,1.16,21.43
0851021C,71,1,1.54,28.09
0852002C,64,0,1.99,34.2
0852004C,62,0,2.15,30.56
0852005C,67,0,2.47,34.01
0852006C,70,0,1.77,38.72
0852007C,69,1,2.04,48.46
0852008C,67,0,1.45,25.87
0852011C,66,0,2.12,40.33
0852012C,67,0,2.22,34.94
0852013C,71,0,2.77,35.06
0852014C,64,0,1.63,23.19
0852015C,61,1,2.66,20.18
0852018C,68,0,2.59,23.28
0852021C,67,0,2.04,28.28
0852022C,69,0,3.1,37.91
0852023C,60,0,1.91,34.79
0853001C,73,0,1.88,30.19
0853002C,72,0,2.29,27.65
0853005C,71,0,2.1,25.8
0853006C,71,0,2.71,32.84
0853007C,66,0,2.53,20.85
0853008C,67,0,2.68,25.22
0853009C,66,0,2.41,40.17
0853011C,73,0,2.06,31.7
0853012C,73,0,2.73,33.34
0853013C,70,0,1.92,32.8
0853014C,64,0,2.14,37.37
0853015C,72,0,2.65,43.34
0853019C,69,0,2.59,32.41
0853020C,64,0,2.46,52.56
0853021C,74,0,2.88,52.53
0855002C,67,0,2.04,37.33
0855005C,71,0,1.41,36.37
0855006C,61,0,1.26,28.45
0855008C,62,0,1.96,35.01
0855009C,67,0,1.26,32.47
0855010C,64,0,2.17,26.08
0855011C,70,0,2.32,40.13
0855013C,64,0,1.85,44.49
0855014C,71,1,2.25,40.33
0855017C,61,0,1.86,25.73
0855020C,63,0,2.24,35.51
0855021C,60,0,1.26,18.06
0855023C,67,0,1.84,20.06
0856001C,60,0,1.6,21.59
0856009C,62,0,1.84,31.41
0856010C,61,0,2.29,24.18
0856013C,60,0,2.32,35.84
0856014C,77,1,1.59,26.61
0856017C,66,0,2.31,41.19
0857001C,63,0,1.77,31.87
0857002C,79,0,1.05,27.27
0857008C,69,1,1.6,30.18
0857011C,62,0,1.35,20.53
0857012C,79,1,1.78,28.96
0857013C,62,1,2.14,33.46
0857017C,64,1,2.32,25.43
0857019C,66,0,1.8,28.22
0857020C,71,1,1.51,24.44
0857022C,70,1,1.73,44.13
0857024C,71,0,2.27,41.37
0858001C,60,1,2.15,17.49
0858002C,64,0,2.42,21.58
0858003C,65,1,1.96,26.93
0858006C,69,0,1.33,24.31
0858007C,62,1,1.29,17.41
0858008C,71,0,1.47,27.43
0858011C,64,1,1.65,20.37
0858013C,63,0,2.15,26.63
0858017C,69,0,2.18,26.19
0858019C,64,1,1.58,26.56
0858020C,71,0,1.72,18.19
0858023C,67,1,1.13,18.29
0858024C,61,1,1.6,14.9
0859001C,70,0,2.16,20.45
0859002C,64,0,1.36,20.07
0859004C,62,0,0.99,22.47
0859005C,70,0,1.95,21.72
0859008C,71,0,1.5,29.41
0859009C,68,0,1.66,23.2
0859010C,64,0,1.94,27.48
0859011C,63,0,1.74,26.41
0859013C,61,0,1.94,18.42
0859017C,62,0,2.97,34.14
0859018C,70,0,1.85,29.06
0859019C,70,0,1.88,29.29
0859021C,79,0,1.17,19.11
0859022C,66,0,1.7,27.61
0859023C,69,0,1.42,39.46
0859024C,60,0,1.69,28.95
0860002C,61,1,1.61,24.42
0860005C,71,0,1.88,35.5
0860010C,67,0,1.56,21.98
0860015C,64,0,2.2,23.76
0860017C,62,1,2.04,24.05
0860018C,68,1,1.99,38.59
0860021C,63,0,1.27,21.3
0860022C,67,0,2.09,42.92
0862010C,63,0,2.08,20.62
0862011C,71,0,2.47,38.71
0862012C,70,0,1.47,24.4
0862015C,60,0,1.53,18.55
0862019C,69,1,1.65,24.94
0862020C,64,0,1.99,22.63
0862022C,71,0,1.6,33.36
0863001C,60,1,1.51,21.28
0863002C,65,1,0.95,27.14
0863003C,60,1,1.66,23.38
0863005C,70,1,1.23,28.54
0863006C,72,1,2.13,30.04
0863008C,62,1,1.16,20.33
0863011C,68,1,2.39,18.98
0863012C,61,1,1.66,33.44
0863014C,60,1,1.98,27.03
0863016C,71,1,1.53,28.38
0863017C,71,1,1.98,32.84
0863018C,71,1,2.3,32.02
0863019C,71,1,1.68,33.1
0863020C,57,1,1.65,29.08
0865002C,62,0,1.71,23.48
0865003C,71,1,1.1,25.77
0865004C,61,1,1.92,29.09
0865006C,60,1,1.84,31.05
0865010C,70,0,1.42,30.76
0865011C,66,1,1.85,20.62
0865013C,63,1,1.85,20.39
0865014C,70,1,1.53,28.03
0865015C,69,1,0.89,23.87
0865016C,60,1,1.75,26.51
0865018C,67,0,1.15,25.5
0865019C,64,1,1.9,23.44
0865020C,64,1,1.08,19.33
0865023C,61,1,1.05,25.2
0867005C,70,1,2.16,33.38
0867008C,69,0,1.75,32.95
0867010C,71,0,1.81,33.45
0867011C,68,0,1.86,39.03
0867012C,60,1,1.12,27.56
0867014C,69,0,1.81,28.76
0867015C,69,0,2.31,27.17
0867016C,67,0,2.39,31.09
0867018C,64,1,1.52,27.86
0867019C,66,1,2.07,29.1
0867020C,62,0,2.12,28.33
0867022C,67,0,1.74,26.37
0867023C,65,0,1.33,21.82
0867024C,64,1,1.83,20.6
0869003C,64,1,1.07,19.97
0869014C,70,0,2.41,46.15
0869018C,64,0,2.03,23.86
0870001C,61,1,2.02,23.63
0870005C,67,1,1.89,24.82
0870007C,63,0,2.42,20.2
0870011C,71,1,1.59,28.46
0870014C,60,0,2.26,29.15
0870016C,61,0,1.79,27.07
0870018C,70,0,2.18,34.14
0870024C,66,1,2.09,24.39
0871015C,65,0,2.06,29.67
0871016C,64,0,2.25,34.73
0871021C,71,0,1.52,46.7
0872011C,70,0,1.29,31.28
0872013C,63,1,2.44,27.83
0872014C,61,0,1.99,23.46
0872020C,71,1,1.94,32.27
0872021C,68,1,1.17,21.12
0872024C,70,0,1.43,24.07
0873002C,68,0,2.11,30.24
0873003C,62,1,1.77,35.01
0873006C,68,0,1.75,30.89
0873008C,61,1,1.31,25.02
0873015C,62,1,1.36,18.72
0873017C,73,0,2.06,29.28
0874003C,61,0,1.06,19.52
0874009C,64,0,1.31,21.92
0874011C,72,0,2.14,25.38
0874018C,72,0,1.12,28.67
0876006C,62,1,2.07,24.88
0876009C,68,0,2.3,23.54
0876013C,63,1,1.33,25.52
0876017C,66,1,1.12,15.96
0876022C,62,0,1.96,19.35
0877013C,73,0,2.13,30.51
0878002C,67,0,1.96,21.25
0878004C,62,0,2.31,16.79
0878005C,65,0,2.24,29.87
0878007C,67,0,2.08,27.07
0878009C,70,0,1.51,30.53
0878010C,69,0,1.89,21.23
0878012C,72,0,1.55,18.21
0878013C,62,0,2.68,24.74
0878016C,67,0,2.47,29.07
0878019C,72,0,2.6,29.84
0878023C,65,0,1.71,25.67
0879001C,58,0,2.57,27.87
0880004C,68,1,1.22,29.45
0880008C,72,1,1.34,27.23
0880020C,69,1,1.83,22.63
0881006C,63,0,1.98,19.06
0881008C,68,0,2.16,28.83
0881009C,66,0,2.29,32.37
0881013C,63,0,2.14,34.24
0881015C,70,0,1.84,20.04
0881016C,70,0,2.23,28.91
0881017C,71,0,1.19,29.63
0881019C,63,0,2.76,31.56
0881021C,72,0,1.25,27.75
0881024C,68,0,1.7,26.02
0882002C,65,0,1.9,38.18
0882003C,70,0,2.02,36.82
0882005C,66,0,2.25,42.54
0882007C,73,0,2.02,39.61
0882011C,62,0,1.98,30.73
0882014C,65,0,2.1,22.54
0882017C,62,0,2.49,34.28
0882021C,70,0,1.95,31.92
0882022C,69,0,1.68,36.32
0882023C,68,0,2.31,45.77
0884002C,61,0,1.86,27.81
0884009C,63,0,1.92,28.71
0884011C,72,0,2.2,31.7
0884018C,70,0,1.94,40.62
0885002C,68,0,1.48,34.72
0885003C,72,1,1.41,22.54
0885007C,70,1,1.64,29.68
0885009C,72,1,1.85,20.54
0885023C,61,0,2.14,31.97
0885024C,62,1,2.63,25.03
0886009C,67,0,1.82,36.74
0886014C,66,0,2.9,36.43
0886015C,70,0,2.32,28.62
0886018C,66,1,1.15,28.78
0886019C,62,0,2.36,36.03
0886020C,64,0,1.96,31.51
0886023C,73,0,2.03,33.83
0886024C,62,0,2.33,20.06
0887005C,63,0,2.16,31.74
0887007C,64,0,2.34,35.9
0887008C,62,0,2.74,26.1
0887009C,62,0,2.23,25.78
0887011C,69,0,2.22,32.89
0887014C,71,0,2,41.05
0887016C,68,1,2.38,28.26
0887018C,66,0,1.97,30.99
0887021C,60,0,2.46,44.37
0887022C,72,0,1.93,24.16
0887024C,72,0,2.43,31.82
0889016C,60,1,1.71,24.57
0889020C,62,1,1.72,29.16
0890005C,63,1,1.31,28.25
0890007C,63,1,1.19,19.24
0890014C,65,1,1.23,23.92
0890020C,64,1,1.82,35.37
0891005C,72,1,1.72,31.25
0891006C,67,1,1.87,27.33
0891008C,67,1,1.62,33.38
0891010C,67,1,1.68,29.11
0891012C,69,1,2.43,32.08
0893002C,65,1,2.2,22.66
0894006C,61,0,1.93,29.77
0894013C,65,0,2.19,23.15
0894014C,70,0,2.1,43.44
0894019C,69,0,2.23,24.62
0894021C,66,0,1.81,41.14
0896007C,69,1,1.96,31.97
0897013C,63,0,2.85,50.1
0903006C,61,0,2.4,28.5
0903012C,67,0,2.83,34.94
0903020C,62,0,2.51,25.8
0903021C,65,0,2.48,38.19
0903022C,61,0,2.72,33.01
0905005C,62,0,2.19,28.35
0905008C,67,0,1.97,31.74
0906001C,70,1,1.86,31.57
0907001C,70,0,2.41,44.71
0907002C,61,0,1.06,22.63
0907006C,60,0,2.88,42.53
0907007C,70,1,2.4,38.4
0907009C,69,0,2.1,31.86
0907015C,61,0,1.46,28.47
0907019C,70,1,1.59,24.67
0907022C,72,1,2.43,27.64
0908005C,70,0,1.52,43.62
0908007C,65,0,2.09,32.82
0908011C,66,0,1.4,17.43
0908012C,64,0,0.88,26.61
0908013C,64,0,1.93,27.28
0908017C,62,0,1.08,26.94
0908020C,64,0,1.88,20.31
0908021C,64,1,1.8,18.31
0908022C,68,0,1.37,19.93
0909003C,67,0,1.88,24.05
0909006C,62,0,1.71,19.23
0909009C,62,0,1.6,20.98
0909012C,65,0,1.74,21.26
0909016C,61,0,2.17,19.71
0909024C,61,0,1.89,25.75
0911003C,69,0,1.69,30.15
0911012C,68,0,2.37,17.57
0911020C,69,1,1.42,24.03
0911021C,61,0,1,22.41
0911022C,68,0,2.18,35.55
0911024C,67,0,2.5,37.29
0913007C,69,0,1.97,48.17
0913009C,71,0,1.8,22.5
0913010C,67,0,1.84,24.37
0913011C,62,0,2.07,34.03
0913012C,65,0,1.54,29.97
0913013C,74,0,1.42,15.87
0913015C,71,0,1.5,19.58
0913016C,66,0,1.19,19.16
0913020C,62,0,1.43,21.42
0913022C,70,0,2.24,34.9
0913023C,69,0,1.37,29.48
0915002C,68,1,0.82,27.46
0915007C,63,0,1.9,29.82
0915011C,54,0,2.51,33.2
0915012C,67,0,2.46,29.23
0915013C,67,0,2.05,36.24
0915014C,79,0,1.72,31.89
0915015C,68,0,2.94,43.8
0915017C,66,0,2.39,37.25
0915019C,65,0,1.75,28.63
0915020C,65,0,2.01,35.42
0915022C,66,0,1.94,20.03
0915023C,61,0,2.48,29.53
0915024C,65,0,1.84,41.45
0921002C,60,1,1.45,17.14
0921003C,67,1,1.79,26.62
0921005C,71,1,1.77,25.91
0921008C,62,1,2.01,20.63
0921009C,71,1,1.46,20.17
0921011C,69,1,1.48,48.04
0921012C,57,1,1.67,23.62
0921013C,64,1,2.34,27.95
0921019C,69,1,1.07,22.61
0924004C,61,0,2.19,44.89
0924006C,61,0,2.19,30.57
0924008C,65,0,2.4,30.14
0926005C,64,1,1.53,28.8
0926010C,61,1,1.65,21.32
0926019C,69,1,1.79,32.41
0928009C,60,1,1.33,21.61
0932008C,68,0,2.09,36.74
0932015C,61,0,1.8,30.5
0932017C,61,0,1.92,33.32
0932021C,62,0,2.79,31.13
0932022C,71,0,1.81,38.32
0932024C,71,0,2.48,35.58
0935004C,62,1,2.03,31.14
0935006C,67,1,1.92,39.89
0935010C,63,1,2.4,27.14
0935013C,66,1,1.9,34.75
0935014C,63,1,1.79,24.34
0935015C,72,1,1.55,26.71
0935019C,64,1,2.08,26.87
0935022C,66,1,1.95,18.66
0936004C,64,1,2.97,24.53
0937016C,71,0,2.69,44.48
0938005C,65,0,2.24,38.02
0938008C,69,0,2.39,31.57
0938009C,66,0,1.63,34.03
0938011C,62,0,1.58,31.18
0938014C,64,0,2.58,39.09
0938023C,72,0,2.58,38
0940003C,62,0,1.99,24.38
0940005C,63,0,1.96,20.28
0940008C,72,0,2.03,34.33
0940010C,69,0,2.35,41.87
0940012C,67,0,2.48,26.4
0940015C,62,0,1.97,34.85
0940018C,74,0,1.85,23.81
0940019C,72,0,2.15,26.27
0940021C,70,0,2.38,30.87
0940022C,72,0,2.16,39.71
0940023C,61,0,2.66,26.28
0941005C,69,0,2.13,23.03
0941007C,63,0,1.31,19.36
0941014C,71,0,1.84,35.98
0941017C,70,0,1.99,28.85
0942008C,62,0,2.1,25.8
0942011C,62,0,1.49,27.88
0942012C,61,0,1.94,23.14
0942016C,68,0,2.24,20.36
0942025C,62,0,1.5,29.44
0943001C,64,0,1.75,18.36
0943005C,68,0,2.49,24.51
0943013C,63,0,2.48,27.2
0944001C,61,0,3.19,33.79
0944003C,62,0,2.6,35.95
0944009C,68,0,2.07,27.48
0944012C,66,0,2.5,41.6
0944013C,72,0,2.37,36.57
0944016C,66,0,2.66,29.37
0944018C,75,0,2.56,20.08
0944019C,75,0,2.18,25.79
0944021C,72,0,2.05,25.62
0944022C,70,0,2.21,34.42
0944023C,71,0,2.4,37.58
0944025C,72,0,2.45,35.15
0945005C,73,0,3.09,43.56
0945011C,64,0,2.22,38.08
0945012C,70,1,2.06,27.99
0945021C,66,0,2.56,42.93
0945022C,62,0,2.86,43.26
0946002C,72,1,2.14,27.78
0946009C,69,1,1.83,26.53
0946011C,70,1,2.35,45.91
0946012C,65,1,1.5,28.31
0946013C,63,1,1.19,22.78
0946018C,63,1,1.56,22.12
0946019C,61,1,1.48,25.34
0946024C,67,0,2.21,31.08
0946025C,69,1,1.93,26.41
0951015C,66,0,2.86,19.99
0952003C,66,0,1.76,29.21
0952005C,64,0,1.6,25.26
0952019C,71,0,2.33,36.67
0954003C,67,0,2.24,26.21
0954015C,68,0,1.94,33.23
0954022C,61,0,2.55,43.71
0964001C,66,0,1.87,25.89
0964013C,70,0,2.42,48.7
0964019C,62,0,1.93,25.1
0967010C,66,0,2.66,28.38
0967014C,64,0,1.88,25.28
0967020C,62,0,2.34,28.23
0967021C,62,0,2.3,17.63
0967022C,62,0,2.8,32.04
0967023C,63,0,2.39,23.83
0967024C,67,0,1.61,18.43
0968008C,63,0,2.26,25.46
0968021C,65,0,2.29,24.38
0969005C,73,0,2.61,21.79
0969006C,63,0,2.85,42.56
0969008C,67,0,2.4,19.65
0969009C,73,0,3.04,31.21
0969011C,65,0,2.46,27.38
0969012C,70,0,2.73,26.2
0969014C,67,0,2.69,27.32
0969018C,71,0,2.58,32.49
0972002C,65,0,2.35,46.6
0975004C,66,0,2.39,28.77
0975008C,65,0,2.12,22.67
0975011C,73,0,2.44,34.21
0975014C,68,0,2.06,25.25
0975017C,69,0,2.59,41.66
0975018C,70,0,2.27,24.48
0975023C,65,0,2.02,35.67
0981002C,66,0,2.17,25.09
0981004C,65,0,2.09,23.78
0981009C,65,0,2.19,26.79
0983002C,70,0,2.16,38.72
0983006C,62,0,2.14,24.77
0983008C,66,0,2.41,26.17
0983009C,71,0,2.26,44.51
0983010C,68,0,2.75,33.49
0983013C,75,0,2.43,48.28
0993002C,66,0,2.42,42.59
0993003C,69,0,1.96,23.2
0993004C,66,0,2.55,30.75
0993009C,62,1,1.87,28.81
0993010C,62,0,1.85,22.1
0993012C,62,0,1.29,21.31
0993013C,69,0,1.59,23.96
0993016C,64,0,2.43,35.99
0993017C,61,0,1.63,27.8
0993018C,67,0,1.81,32.37
0993019C,66,0,1.91,34.99
0993022C,62,0,1.52,30.01
0995009C,64,1,1.54,32.65
0995013C,61,1,2,24.36
0996007C,65,1,1.38,20.19
0998001C,62,0,2.83,31.75
0998007C,69,0,2.4,35
0998008C,63,0,1.87,36.46
0998010C,67,0,2.11,38.75
0998011C,62,0,2.55,35.37
0998013C,75,0,2.46,31.59
0998014C,60,0,2.6,27.44
0998017C,60,0,2.58,39.97
0998018C,67,0,3.04,41.6
0998020C,65,0,2.52,30.43
0998021C,65,0,2.64,38.1
0998022C,66,0,2.36,30.43
0998023C,72,0,2.48,30.91
0998024C,62,1,2.75,32.73
1000003C,63,0,2.36,26.29
1000004C,69,0,2.35,27.1
1000006C,65,0,2.29,36.62
1000007C,72,0,2.05,35.44
1000011C,66,0,2.9,33.54
1000012C,66,0,2.34,28.63
1000014C,63,0,2.8,29.35
1000018C,69,0,1.82,27.73
1000022C,65,0,2.76,28.88
1000023C,70,0,2.47,29.19
1000024C,61,0,2.43,21.69
1000026C,66,0,2.6,20.71
1001002C,64,0,2.56,35.74
1001003C,64,0,2.85,26.01
1001005C,68,0,2.32,33.4
1001006C,61,0,2.63,25.81
1001007C,61,0,2.53,40.28
1001009C,72,0,2.28,44.92
1001011C,66,0,2.48,21.85
1001012C,71,0,3.04,29.2
1001014C,65,0,2.83,34.74
1001015C,63,0,1.77,21.54
1001016C,66,0,2.46,29.63
1001017C,71,0,2.19,42.87
1001019C,70,0,2.74,29.2
1001020C,61,0,2.48,39.09
1001021C,62,0,2.18,27.47
1001022C,70,0,2.17,32.67
1001024C,67,0,2.65,32.71
1002003C,66,0,2.66,31.65
1002004C,70,0,2.09,20.41
1002006C,65,0,2.09,27.4
1002016C,69,0,1.52,26.17
1002017C,68,0,2.11,38.03
1002019C,66,0,2.14,23.76
1002022C,67,0,1.92,24.55
1002024C,71,0,2.06,23.51
1003004C,67,0,2.68,21.99
1003008C,66,0,2.41,38.1
1003009C,67,0,2.19,38.94
1003014C,60,0,2.79,39.32
1003015C,63,0,2.55,26.81
1003018C,60,0,1.92,23.4
1003020C,66,0,2.38,24.82
1003022C,70,0,1.84,22.26
1004006C,61,0,2,50.76
1004009C,67,0,2.9,35.83
1004011C,67,0,2.43,30.3
1004013C,64,0,2.63,34.23
1004014C,67,0,2.4,44.22
1004020C,66,0,2.69,32.52
1004023C,67,0,2.86,26.86
1004024C,64,0,2.75,22.27
1004025C,67,0,2.26,35.6
1006001C,72,1,2.65,44.87
1006002C,70,0,2.72,47.6
1006003C,71,0,2.67,35.05
1006005C,68,0,2.54,38.46
1006007C,66,0,2.41,23.39
1006008C,63,0,2.87,31.25
1006011C,71,0,1.83,23.74
1006012C,72,0,2.21,39.45
1006013C,70,0,2.4,31.71
1006014C,66,0,2.56,50.41
1006015C,70,0,2.16,28.83
1006016C,68,0,2.58,38.65
1006021C,60,0,2.08,29.8
1006023C,69,0,2.54,32.81
1008001C,69,0,1.42,19.64
1008002C,68,0,2.03,24.09
1008003C,60,0,2.31,48.93
1008005C,62,0,2.5,30.8
1008007C,68,0,2.5,41.98
1008010C,65,0,1.77,25.3
1008011C,61,0,1.8,26.23
1008013C,73,0,1.7,19.92
1008015C,64,0,2.18,19.18
1008017C,60,0,2.12,24.27
1008019C,66,0,2.15,26.17
1008020C,68,0,1.71,23.3
1008021C,60,0,2.05,27.34
1008023C,63,0,2.2,24.71
1008024C,68,0,2.13,24.33
1009001C,66,0,2.29,24.76
1009002C,61,0,2,35.08
1009004C,63,0,2.81,26.8
1009005C,64,0,2.02,22.25
1009007C,65,0,1.67,21.31
1009008C,63,0,2.09,23.12
1009009C,61,0,2.8,28.3
1009011C,67,0,2.26,32.46
1009014C,61,0,2.59,41.09
1009015C,72,0,2.31,30.09
1009016C,75,0,2.17,24.07
1009018C,68,0,3.08,30.51
1009019C,61,0,1.5,19.42
1009020C,68,0,2.33,21.94
1010007C,65,0,1.95,37.52
1010008C,72,0,2.13,26.77
1010012C,67,0,2.3,26.42
1010014C,72,0,1.83,22.3
1010015C,64,0,1.86,35.25
1010016C,62,0,2.42,24.84
1010020C,73,0,2.1,21.22
1010021C,61,0,2.53,33.81
1011006C,65,0,1.84,26.52
1011008C,67,0,1.83,30.42
1011009C,64,0,1.26,25.51
1011011C,61,0,2.17,23.46
1011014C,62,0,2.45,25.81
1011018C,63,0,1.7,25.43
1011020C,67,0,2.69,26.03
1011022C,71,0,2.51,50.49
1011023C,66,0,2.62,30.1
1012020C,74,0,2.49,49.83
1016001C,71,0,1.69,23.13
1017001C,67,0,1.82,33.07
1017002C,62,0,2.58,34.06
1017019C,63,0,2.22,32.07
1017025C,67,0,1.63,30.87
1018001C,61,0,2.37,34.84
1018004C,71,0,2.32,27.8
1018005C,66,0,2.58,32.61
1018006C,71,0,2.03,23.62
1018007C,65,0,2.62,37.19
1018008C,73,0,2.78,36.95
1018010C,71,0,2.32,51.1
1018014C,65,0,2.23,25.5
1018015C,69,0,2.22,32.67
1018018C,68,0,2.34,27.21
1018024C,69,0,2.04,32.55
1019003C,67,0,2.53,32.43
1019005C,70,0,1.94,24.05
1019011C,70,0,1.52,18.72
1019024C,68,0,2.18,33.08
1020001C,67,0,1.72,20.22
1020003C,72,0,2.25,35.33
1020006C,72,0,2.44,27.16
1020015C,68,0,2.4,30.79
1020022C,67,0,2.44,23.06
1020024C,72,0,1.5,23.17
1021006C,76,0,2,21.18
1021007C,65,0,2.19,28.12
1021008C,63,0,2.22,21.63
1021009C,71,0,1.99,25.32
1021011C,65,0,3.04,32.88
1021017C,62,0,1.61,19.62
1022003C,63,0,1.51,22.19
1022009C,68,0,1.96,33.1
1022011C,61,0,2.08,18.27
1022012C,65,0,2.74,47.12
1022015C,68,0,2.89,35.02
1022017C,60,0,2.29,20.29
1022019C,68,0,2.38,23.67
1022022C,61,0,2.02,30.72
1022024C,63,0,2.1,26.13
1024003C,67,0,2.27,32.61
1024006C,62,0,2.9,35.39
1024009C,70,0,2.48,42.96
1024011C,62,0,3.21,42.13
1024012C,70,0,2.29,50.79
1024013C,66,0,2.39,33.41
1024016C,66,0,2.56,26.58
1024020C,62,0,2.72,42.49
1024022C,72,0,3.3,42.15
1024023C,72,0,2.89,42.61
1025003C,66,0,2.46,29.96
1025004C,72,0,2.7,49.49
1025011C,76,0,2.45,27.84
1025014C,62,0,2.86,53.51
1025017C,69,0,2.66,40.67
1025023C,68,0,2.38,42
1026012C,72,0,1.97,33.09
1026022C,69,0,1.04,18.11
1029003C,63,0,1.98,29.19
1031003C,68,1,1.37,18.8
1031007C,64,1,1.04,19.06
1031008C,66,0,1.86,26.58
1031018C,61,0,2.65,29.27
1031020C,72,0,2.07,39.97
1037002C,64,1,2.19,26.96
1037004C,62,0,1.52,28.64
1037006C,67,0,1.96,26.04
1037008C,71,0,1.96,54.04
1037011C,61,0,1.87,31.11
1037013C,70,0,2.31,46.09
1037023C,76,0,2.07,35.59
1038001C,71,0,2.96,43.07
1038009C,71,0,2.84,44.29
1038011C,65,0,2.09,23.15
1038016C,68,0,3.07,29.13
1038020C,63,0,2.52,27.19
1040004C,69,0,2.09,31.16
1040013C,61,0,2.48,25.7
1040015C,61,0,1.79,36.78
1040016C,67,0,1.64,35.75
1042002C,65,0,1.97,44.21
1042008C,66,0,2.33,35.17
1042012C,63,0,1.26,35.84
1042015C,69,1,1.61,27.21
1042017C,68,0,1.24,25.67
1042020C,71,0,2.23,28.95
1045002C,62,0,2.67,34.98
1045003C,67,0,2.82,33.34
1045005C,79,0,2.27,41.53
1045007C,63,0,2.31,27.45
1045008C,62,0,2.59,39.85
1045009C,71,0,1.92,53.3
1045010C,65,0,2.27,34.85
1045013C,67,0,2.85,48.67
1045018C,64,0,2.1,45.53
1045023C,60,0,2.07,41.46
1049004C,65,0,2.38,27.61
1049006C,70,0,2.25,32.83
1049007C,69,0,2.41,29.8
1049008C,65,0,2.5,27.96
1049011C,72,0,1.6,22.01
1049015C,63,0,1.75,30.01
1049016C,69,0,1.69,28.39
1049020C,63,0,2.34,31.25
1049021C,65,0,2.96,22.2
1049022C,63,0,2.51,30.24
1051007C,63,0,2.44,21.73
1051008C,71,0,1.85,28.1
1051013C,61,0,1.92,28.66
1051015C,65,0,2.35,22.24
1051016C,62,0,2.38,21.99
1051020C,72,0,2.1,29.88
1051023C,64,0,1.94,19.06
1052009C,64,0,1.82,23.37
1052010C,70,0,1.9,29.44
1052024C,62,0,1.97,32.59
1053013C,62,0,1.49,18.96
1053014C,63,0,2.56,23.73
1053016C,73,0,1.89,45.66
1053018C,69,0,1.95,34.67
1053019C,63,0,2.67,33.68
1053020C,70,1,2.09,34.84
1053021C,68,0,2.23,35.95
1053023C,69,0,2.52,46.39
1053025C,62,0,1.35,18.9
1054014C,66,0,2.41,51.82
1054021C,68,0,2.5,34.97
1056009C,67,0,2.79,44.79
1056011C,67,0,1.99,32.14
1056013C,72,0,2.17,38.75
1056018C,71,0,1.94,37.92
1056020C,70,0,2.04,33.64
1056021C,63,0,2.06,29.21
1056023C,69,0,2.83,54.91
1056024C,61,0,2.71,25.48
1061006C,61,0,2.22,50.7
1061007C,68,0,2.07,38.23
1061011C,68,0,2.34,28.15
1061018C,63,0,1.56,30.57
1061020C,62,0,2.64,44.47
1068002C,68,0,2.14,38.32
1068007C,59,0,2.54,26.63
1068011C,68,0,2.05,36.33
1068012C,59,0,2.13,27.2
1068013C,60,0,2.48,27.15
1071004C,61,0,1.77,19.75
1071008C,67,0,2.1,20.08
1071010C,64,1,2.75,23.72
1071011C,68,0,2.06,31.74
1071014C,60,0,2.51,34.05
1071015C,64,0,2.09,30.78
1071016C,62,0,1.92,28.52
1071017C,64,0,2.31,23.43
1071018C,61,0,2.54,32.21
1071019C,70,0,2.08,24.29
1071022C,69,0,2.62,33.18
1071023C,61,0,2.41,25.03
1073006C,61,0,2.13,20.34
1073007C,61,0,2.24,35.55
1073012C,60,0,2.36,18.2
1073013C,70,0,1.46,25.28
1073015C,58,0,1.98,22.32
1073016C,70,0,2.5,23.43
1073025C,61,0,2,21.17
1082005C,66,0,3.21,36.34
1082007C,61,0,2.25,25.9
1082010C,70,0,2.92,32.6
1082016C,68,1,2.45,30.58
1082018C,63,0,2.72,29.09
1082020C,61,0,2.24,30.94
1082021C,56,0,2.42,24.47
1082024C,65,0,1.94,32.37
1083009C,69,0,2.77,38.89
1083010C,58,0,2.39,24.61
1083012C,62,0,1.75,20.39
1083013C,62,0,2.01,30
1085002C,68,0,2.39,30.43
1085004C,68,0,1.94,37
1085008C,62,0,2.18,18.43
1085010C,77,0,1.53,25.87
1085013C,64,0,1.73,25.58
1085016C,62,0,2.4,19.74
1085017C,62,0,1.36,26.67
1085018C,65,0,1.46,25.66
1085019C,63,0,1.94,21.99
1085021C,63,0,2.09,21.81
1086022C,62,0,2.1,24.3
1087006C,61,1,1.69,23.02
1087020C,60,1,1.3,20.23
1088018C,62,0,1.96,26.13
1088024C,68,0,1.92,28.61
1090017C,69,1,2.52,24.93
1091001C,68,0,2.79,47.31
1091004C,67,0,2.21,43.17
1091008C,71,0,2.32,27.66
1091010C,62,0,2.35,28.97
1091013C,66,0,2.63,24.18
1092009C,71,0,2.77,46.36
1092011C,64,0,2.4,24.28
1094003C,63,0,1.91,25.79
1094004C,70,0,2.16,32.57
1094009C,71,0,1.86,33.13
1094010C,71,0,2.42,29.12
1094012C,63,0,1.83,20.73
1094013C,59,0,2.3,25.46
1094014C,66,0,2.15,20.68
1094016C,58,0,2.2,32.74
1094019C,63,0,1.74,32.53
1094021C,67,0,2.45,25.33
1094022C,62,0,2.66,36.8
1094025C,63,0,2.08,31.99
1096020C,62,0,1.61,19.92
1097012C,63,0,2.68,32.48
1097013C,64,0,1.62,23.02
1099010C,73,1,2.03,23.58
1101020C,64,1,1.9,38.39
1102015C,69,1,1.1,20.72
1102019C,59,0,1.02,22.71
1102023C,65,1,1.89,19.02
1105006C,58,0,1.91,23.28
1105012C,62,1,2.38,45.15
1105013C,60,0,2.49,29.87
1105014C,63,0,2.39,27.57
1105016C,66,0,2.54,37.49
1105017C,59,0,2.61,32.4
1105019C,66,0,2.38,29.48
1105021C,59,0,2.07,22.93
1107010C,63,0,2.52,37.79
1107012C,62,0,2.36,33.69
1107015C,57,0,2.21,36.15
1107016C,65,0,2.15,37.73
1107019C,63,0,3.11,45.47
1107021C,64,0,2.98,46.48
1107024C,71,0,2.62,46.21
1111018C,61,0,2.41,42.09
1111020C,61,1,2.16,23.59
1111021C,67,1,2,21.32
1112016C,61,0,1.94,26.05
1112017C,61,0,2.01,29.47
1112021C,69,0,2.03,27.67
1112022C,59,0,2.33,19.9
1113018C,59,1,2.2,25.94
1113022C,66,1,2.06,20.92
1114010C,60,1,1.88,29.6
1114013C,73,1,2.2,31.71
1114014C,64,1,1.21,24.9
1114024C,62,1,1.65,16.36
1117004C,66,1,1.51,39.01
1117007C,54,1,2.28,21.44
1117010C,64,1,2.35,24.18
1118005C,67,0,2.05,24.74
1118008C,68,0,2.01,31.13
1118010C,62,0,2.19,21.48
1118011C,67,0,2.29,31.5
1118022C,61,0,2.02,38.03
1119006C,62,0,2.18,29.75
1119007C,62,0,2.77,23.34
1119008C,63,0,3.05,33.6
1119009C,65,0,2.64,23.53
1119010C,69,0,2.47,44.13
1119011C,68,0,2.72,30.94
1119012C,61,0,2.78,21.26
1119013C,66,0,2.46,32.26
1119014C,59,0,2.59,24.58
1119016C,63,0,2.88,39.31
1119017C,64,0,2.41,34.98
1119018C,59,0,2.58,31.64
1119020C,61,0,2,25.87
1119021C,68,0,2.58,31.02
1119022C,64,0,2.33,40.56
1119023C,60,0,2.29,35.63
1119024C,68,0,2.8,37.83
1132018C,69,0,2.41,30.85
1133010C,67,0,1.93,24.5
1133016C,58,0,3.23,42.88
1133020C,70,0,1.54,40.19
1133021C,60,0,2.48,18.99
1133022C,63,0,2.15,31.13
1133024C,58,0,1.84,26.07
1135011C,64,0,1.69,21.63
1135012C,69,0,1.76,42.19
1135018C,64,0,2.94,38.6
1135020C,68,0,2.76,30.2
1135022C,62,0,2.93,37.19
1138002C,66,0,2.49,29.34
1147006C,59,0,2.57,33.65
1147007C,68,0,2.12,29.91
1147008C,65,0,1.67,26.15
1147009C,65,0,2.22,25.01
1147018C,59,0,2.46,24.26
1148009C,63,0,1.89,19.59
1148011C,59,0,2.61,39.14
1148014C,64,0,2.27,29.32
1148016C,68,0,1.91,27.97
1148019C,60,0,1.91,31.92
1148022C,72,0,2.69,38.85
1155010C,68,0,1.88,20
1156004C,59,0,2.84,18.89
1160008C,69,0,2.41,34.65
1160011C,60,0,3.02,30.08
1160024C,73,0,1.2,33.99
1163024C,64,0,1.77,31.29
1164001C,64,1,2.53,49.9
1164002C,63,1,1.59,30.42
1164017C,64,1,2.25,51.05
1165008C,70,1,1.65,29.44
1165012C,60,0,2.85,32.95
1165013C,65,1,1.77,36.19
1165015C,67,0,2.46,29.31
1165016C,67,0,2.66,42.56
1165017C,69,0,2.52,33.09
1165018C,64,0,2.63,32.03
1165019C,71,0,2.63,38.75
1165021C,63,0,2.27,42.08
1165022C,66,0,2.82,32.73
1165025C,67,0,2.45,31.78
1168021C,57,1,1.62,21.09
1171002C,63,1,2.15,24.1
1174014C,63,1,2.05,20.91
1176006C,62,0,2.76,41.7
1176007C,61,0,2.57,26.84
1176012C,70,0,2.01,52.49
1176018C,62,0,2.56,44.31
1176020C,59,0,2.51,24.74
1176023C,68,0,2.48,49.98
1176025C,68,0,2.61,43.37
1180004C,60,0,2.42,29.35
1180008C,59,1,1.83,40.24
1181007C,64,0,2.15,27.17
1181009C,68,0,1.66,26.25
1181010C,65,0,1.89,27.86
1181011C,62,0,2.55,32.86
1181012C,59,0,2.32,27.93
1181013C,59,0,1.96,29.71
1181017C,70,0,2.89,44.05
1182006C,58,0,1.98,26.83
1182008C,63,0,3,33.66
1182009C,60,0,2.01,31.9
1182011C,66,0,2.5,23.44
1182012C,68,0,2.84,32.24
1182019C,64,0,2.47,32.24
1182021C,60,0,2.93,35.01
1185002C,61,1,2.07,19.95
1185007C,59,1,1.79,20.56
1185012C,59,1,2.02,25.74
1185015C,66,1,1.73,32.1
1185016C,65,1,1.84,21.86
1185018C,66,1,2.15,29.14
1185020C,65,1,1.58,25.42
1185021C,63,1,2.74,23.79
1185023C,66,1,1.93,25.61
1185024C,67,1,2.1,27.64
1186001C,68,1,2.19,48.63
1186002C,67,1,2.42,53.69
1186008C,60,1,1.75,30.8
1186013C,60,1,1.67,40.61
1186015C,67,1,1.88,39.2
1186019C,70,1,1.69,49.54
1186023C,59,1,1.99,31.75
1188001C,65,0,3.02,35.2
1188004C,65,0,2.27,39.27
1188011C,77,0,1.83,32.89
1188013C,61,0,2.54,33.53
1188020C,68,0,2.1,31.64
1189009C,58,0,2.35,34.73
1192015C,65,0,1.79,29.02
1192017C,69,0,2.09,32.72
1192024C,69,0,1.89,33.34
1193006C,60,0,2.11,27.9
1193007C,59,0,2.06,24.67
1200006C,66,0,2.17,40.1
1200007C,57,0,2.42,32.55
1204003C,71,0,2.31,38.7
1204004C,58,0,3.01,24.51
1204005C,59,0,2.39,38.68
1204007C,66,0,1.62,42.09
1204008C,67,0,2.05,26.56
1204009C,65,0,2.33,35.17
1204012C,61,0,2.13,46.34
1204013C,68,0,2.32,35.93
1204017C,63,0,2.27,29.84
1204020C,59,0,2.16,42.08
1204024C,64,0,2.11,21.52
1205002C,69,0,1.92,30.09
1209012C,63,0,1.83,24.41
1209024C,77,0,2.03,34.33
1210009C,64,0,1.75,25.56
1210011C,63,0,2.85,28.69
1210019C,61,0,1.84,30.86
1210025C,67,0,2.53,27.66
1211010C,67,0,2.97,40.82
1211012C,65,0,2.51,33.07
1211013C,66,0,2.52,40.61
1211016C,63,0,2.18,36.22
1211019C,64,0,2.23,32.02
1211020C,58,0,2,30.41
1211022C,70,0,2.3,47.14
1211023C,66,0,2.77,30.87
1211024C,68,0,2.37,42.68
1212010C,67,0,2.64,34.36
1212011C,69,1,2.58,41.25
1212012C,64,0,3,52.49
1212014C,64,0,2.77,34.85
1212016C,73,0,2.37,29.74
1212017C,67,0,2.44,32.73
1212018C,68,0,2.71,30.62
1212019C,72,0,2.48,32.16
1212021C,70,0,2.59,37.59
1212022C,63,0,2.35,36.07
1212023C,68,0,2.8,36.4
1212024C,67,0,2.72,27.77
1220007C,66,0,1.84,25.88
1220016C,66,1,2.18,32.12
1220018C,61,0,2.5,22.71
1221011C,65,0,2.32,45.24
1221013C,67,0,2.41,28.05
1221016C,65,0,2.94,26.86
1221017C,62,0,2.8,41.68
1221018C,62,0,2.5,28.76
1221019C,69,0,2.67,32.24
1221023C,62,0,2.31,28.52
1222004C,60,0,2.17,32.75
1222008C,59,0,1.93,31.08
1222012C,62,0,2.43,27.95
1222014C,63,0,2.93,44.39
1222016C,68,0,2.46,46.63
1222017C,62,0,2.28,28.68
1222019C,65,0,2.1,34.75
1222020C,61,0,2.24,31.38
1222021C,61,0,2.06,39.32
1228010C,69,0,2.14,31.36
1228012C,69,0,2.03,26.51
1229016C,68,1,1.57,34.58
1229020C,58,0,2.25,29.49
1231012C,63,0,2.01,20.72
1231013C,61,0,2.31,25.64
1231017C,59,0,2.19,25.69
1231019C,67,0,2.13,25.35
1231022C,72,0,2.41,45.22
1231024C,61,0,1.76,35.62
1236008C,64,0,2.84,36.96
1236013C,61,0,2.51,24.74
1236014C,65,0,2.45,21.27
1236015C,62,0,2.37,26.62
1236018C,64,0,2.41,33.85
1236019C,63,0,2.84,26.72
1236022C,61,0,2.9,26.35
1236023C,69,0,2.8,30.32
1237024C,57,0,1.98,41.87
1241006C,60,0,1.84,26.67
1241007C,59,0,2.5,39.74
1241008C,61,0,2.79,26.16
1241021C,60,0,2.12,30.55
1245013C,67,0,2.41,24.43
1245017C,64,0,1.64,21.45
1245020C,61,0,2.6,25.92
1245021C,68,0,1.99,33.02
1246003C,67,0,2.15,35.05
1246009C,69,0,1.96,33.59
1246018C,63,0,2.64,25.94
1246019C,63,0,2.1,30.25
1247012C,69,0,1.33,28.75
1249010C,67,0,2.05,25.26
1249012C,66,0,2.36,34.32
1251005C,66,0,1.68,28.94
1251009C,69,0,2.27,28.95
1251017C,60,0,2,35.24
1251020C,59,0,2.14,26.41
1251023C,58,0,1.82,31.01
1251024C,66,0,2.18,42.31
1252004C,60,0,2.11,37.1
1252005C,66,0,1.68,33.02
1252008C,65,0,1.99,37.5
1252014C,60,0,1.57,21.42
1252020C,66,0,1.49,18.98
1252021C,65,0,2,33.27
1252022C,59,0,1.75,21.26
1252024C,59,0,2,42.81
1253010C,65,0,1.66,23.15
1253027C,58,0,1.68,32.27
1255016C,64,0,1.99,25.35
1255018C,61,0,2.29,24.66
1255019C,62,0,2.06,22.83
1255024C,58,0,2.04,46.02
1256009C,64,0,2.24,27.16
1256012C,58,0,2.15,24.59
1262008C,61,0,2.38,34.37
1262013C,60,0,1.78,25.03
1262014C,61,0,2.1,17.45
1262017C,66,1,1.62,27.73
1264012C,68,1,1.93,37.12
1265012C,66,0,2.33,27.04
1265014C,67,0,2.79,28.29
1265016C,67,1,1.67,39.72
1265024C,60,1,1.78,22.59
1267017C,67,0,1.9,26.47
1268010C,69,0,1.66,19.11
1269018C,69,0,1.97,30.13
1269019C,64,1,2.52,39.29
1273004C,67,0,1.8,33.83
1273024C,60,0,2.45,28.98
1274018C,66,0,2.11,21.61
1275004C,59,0,2.14,30.35
1275011C,68,0,2.24,23.87
1275014C,68,0,1.47,24.93
1275017C,57,0,2.23,21.62
1277012C,61,0,1.82,28.59
1280024C,68,0,2.06,30.02
2001002C,71,0,1.83,35.66
2001004C,67,0,2.3,41.7
2001005C,71,0,2.15,40.22
2001006C,62,0,2.5,40.58
2001007C,61,0,2.36,46.23
2001008C,69,0,2.66,36.49
2001010C,69,0,1.56,29.15
2001011C,65,0,1.91,24.08
2001012C,67,0,2.49,25
2001015C,72,0,1.84,40.25
2001017C,64,0,2.64,44.13
2001022C,64,0,1.99,50.52
2001024C,67,0,2.44,38.43
2003007C,54,0,2.49,34.16
2004002C,61,0,2.56,28.06
2004005C,60,0,2.67,38.61
2004012C,63,0,2.15,47.83
2004016C,57,0,2.37,27.83
2009005C,59,0,2.15,30.14
2009009C,59,0,2.57,26.02
2016004C,66,0,2.02,27.46
2025001C,63,0,2.4,25.38
2025003C,68,0,2.69,52.82
2025005C,62,0,2.82,22.19
2025010C,64,0,2.62,33.47
2025013C,65,0,2.43,38.83
2025014C,67,0,2.24,31.7
2025017C,69,0,2.28,26.79
2025019C,62,0,2.77,32.23
2025020C,67,0,2.24,27.98
2027004C,62,0,2.63,21.09
2027008C,60,0,2.57,26.17
2027009C,61,0,2.23,23
2031002C,67,0,1.83,33.83
2031003C,61,0,1.9,24.5
2031005C,62,0,2.45,30.41
2031014C,62,0,2.44,23.09
2031016C,63,0,2.45,26.94
2037001C,68,0,2.29,39.5
2037002C,64,0,3.06,41.9
2037004C,64,0,3.23,45.39
2037006C,69,0,2.36,36.34
2037008C,66,0,2.95,35.01
2037009C,70,0,2.63,45.35
2037010C,67,0,3.17,34.4
2037012C,65,0,2.45,34.71
2037017C,69,0,2.61,36.87
2037020C,71,0,1.89,33.61
2037021C,65,0,2.58,32.15
2037022C,72,0,2.86,47.84
2038002C,60,0,2.62,36.38
2040007C,64,0,1.57,39.56
2046002C,70,0,2.14,35.06
2046003C,70,0,1.7,29.97
2046004C,62,0,1.84,37.21
2046005C,72,0,2.67,43.26
2046008C,69,0,2.52,35.33
2046009C,73,0,2.5,38.52
2046010C,67,1,2.59,39.64
2057010C,62,0,2.06,32.1
2058006C,67,1,2.66,47.38
2058012C,62,1,2.35,34.93
2058015C,62,1,2.24,27.8
2058017C,60,1,1.76,44.31
2058021C,64,1,1.56,22.93
2060009C,57,0,2.55,27.39
2060013C,60,0,2.72,33.36
2060017C,54,0,2.3,34.26
2066003C,54,0,2.34,32.47
2067006C,61,0,2.83,33.37
2071002C,69,0,1.94,45.15
2071008C,68,0,2.38,27.22
2078001C,62,0,1.91,34.35
2078002C,71,0,2.36,29.15
2078004C,70,0,2,23.27
2078005C,65,0,2.1,27.43
2078006C,68,0,2.66,39.72
2078007C,61,0,2.04,20.36
2078008C,61,0,2.49,23.21
2078009C,60,0,1.73,31.11
2078010C,61,0,2.02,22.48
2078011C,65,0,2.17,26.78
2078012C,60,0,2.34,36.04
2078013C,66,0,1.84,35.64
2078015C,69,0,2.2,39.64
2078016C,64,0,1.55,22.47
2078017C,72,0,2.67,25.33
2078018C,60,0,2.09,35.6
2078019C,71,0,1.51,26.62
2078020C,65,0,1.53,24.44
2078022C,61,0,2.4,26.54
2092002C,65,0,2.04,31.12
2092004C,62,0,2.55,25.65
2092005C,65,0,1.72,28.31
2092009C,74,0,1.81,29.35
2092011C,69,0,2.21,19.15
2092014C,66,0,1.76,22.78
2092015C,72,0,2.25,24.78
2092016C,62,0,2.34,23.68
2092019C,73,0,2.55,33.21
2092020C,72,0,1.86,28.23
2092021C,73,0,2.94,38.31
2092022C,66,0,2.52,38.22
2092023C,63,0,2.24,25.08
2092024C,73,0,1.83,31.05
2093001C,54,0,2.24,19.05
2093002C,58,0,2.5,25.71
2093005C,58,0,2.44,19.93
2095001C,70,0,2.24,23.73
2095002C,66,0,2.05,26.25
2095003C,66,0,1.5,23.67
2095004C,63,0,2.53,31.28
2095005C,72,0,2.09,30.99
2095006C,66,0,2.04,24.09
2095008C,69,0,1.98,29.23
2095009C,71,0,1.68,32.18
2095011C,68,0,2.75,28.59
2095013C,62,0,2,33.21
2095014C,71,0,1.73,39.11
2095016C,69,0,2.02,19.92
2095018C,66,0,1.83,26.15
2100002C,68,0,1.28,27.34
2103007C,70,0,1.83,26.44
2105001C,77,0,2.1,29.45
2111003C,68,0,2.78,37.33
2111010C,63,0,1.97,26.49
2111020C,71,0,2.56,45.99
2112003C,62,0,2.77,46.01
2112005C,63,0,2.14,25.37
2112006C,64,0,2.26,30.11
2112008C,63,0,2.18,26.89
2112009C,64,0,2.17,37.22
2112010C,66,0,2.35,25.96
2112011C,71,0,2.61,27.52
2112013C,68,0,1.79,22.58
2112014C,69,0,2.55,26.81
2112016C,62,0,1.8,34.28
2112020C,67,0,2.54,28.64
2112021C,63,0,2.55,26.2
2112022C,63,1,2.02,25.63
2112024C,72,0,2.76,31.27
2114001C,67,0,1.61,24.74
2114003C,71,0,2.15,33.5
2114004C,67,0,1.98,33.91
2114005C,67,0,2.29,21.1
2114006C,72,0,2.14,25.42
2114007C,69,0,2.8,30.24
2114008C,69,0,2.02,32.36
2114009C,63,0,2.03,34.16
2114011C,69,0,2.33,36.54
2114012C,64,0,1.73,20.36
2114013C,64,0,2.57,25.44
2114014C,71,0,1.77,34.05
2114015C,71,0,2.54,20.9
2114018C,71,0,2.04,25.34
2114020C,69,0,2.13,31.98
2114021C,69,0,2.93,35.23
2114022C,68,0,2.05,44.05
2114023C,69,0,2.42,41.74
2115003C,62,0,3.05,30.34
2115005C,61,0,3.13,28.96
2115007C,72,0,3.26,48.12
2115009C,64,0,2.36,25.55
2115011C,64,0,2.01,27.51
2115013C,73,0,3.2,43.67
2115014C,64,0,2.32,28.33
2115018C,70,0,2.74,42.15
2115019C,69,0,2.72,36.96
2115021C,61,0,1.98,36.21
2115022C,66,0,2.53,32.72
2116005C,58,0,1.95,20.85
2116014C,62,1,2.16,18.87
2116017C,61,1,1.15,19.75
2116020C,66,0,2.17,25.5
2116022C,63,1,1.7,19.73
2116023C,66,1,1.98,29.59
2119008C,70,0,1.86,51.31
2119009C,64,0,2.1,33.01
2119010C,66,0,1.75,36.34
2119015C,62,0,2.3,29.29
2119019C,64,0,2.55,40.55
2119022C,68,0,1.89,42.18
2119023C,65,0,1.97,27.54
2120002C,65,0,1.98,39.96
2120003C,64,0,2,35.17
2120005C,79,1,1.32,38.78
2120006C,71,1,2.35,33.03
2120007C,60,0,2.42,54.75
2120009C,71,1,1.26,21
2120010C,66,0,2.2,29.76
2120014C,66,0,2.44,36.69
2120015C,62,0,2,30.04
2120016C,63,0,2.06,33.27
2120017C,60,0,1.94,28.52
2120018C,61,0,2.16,22.65
2120019C,62,0,1.9,39.14
2120021C,71,0,2.07,39.24
2120023C,76,0,1.85,37.33
2120024C,69,0,2.5,43.17
2121003C,67,1,1.41,35.13
2121008C,67,0,2.47,39.29
2121010C,71,0,2.5,38.06
2121012C,65,0,1.66,36.11
2121016C,72,0,2.07,24.01
2121017C,68,0,2.45,38.52
2121018C,71,0,1.37,34.08
2121020C,64,0,1.82,29.84
2121024C,64,1,2.25,36.86
2121026C,67,1,1.47,32.13
2125005C,62,0,1.6,25.29
2125007C,69,0,1.78,22.36
2125008C,72,0,2.29,29.97
2125010C,65,0,1.63,26.09
2125012C,66,0,2.15,29.27
2125013C,63,0,1.89,19.97
2125014C,72,0,2.38,28.62
2125017C,66,0,1.4,28.04
2125021C,61,1,1.83,18.36
2125022C,61,1,1.44,18.22
2125023C,70,1,2.31,20.79
2127008C,60,1,2.2,41.43
2127010C,66,0,1.71,25.76
2127014C,68,1,1.73,23.7
2127015C,63,1,2.19,25.49
2127016C,63,0,2.01,28.94
2129001C,66,0,2.73,31.23
2129002C,67,0,2.74,27.39
2129003C,60,0,2.5,35.76
2129008C,65,0,2.28,30.17
2129010C,60,0,2.74,46.54
2129012C,64,0,3.08,44.59
2129013C,61,0,2.18,28.8
2129014C,68,0,2.16,32.71
2129018C,71,0,3.02,30.53
2129020C,64,0,2.27,28.42
2129021C,65,0,2.65,47.17
2129022C,61,0,2.13,35.45
2129023C,61,0,2.25,21.81
2130009C,56,0,2.23,42.4
2130010C,71,0,2.65,41.48
2132002C,72,0,2.41,31.99
2132003C,70,0,1.95,29.17
2132004C,65,0,2.03,31.65
2132007C,70,0,2.57,29.31
2132010C,69,0,2.06,29.6
2132011C,64,0,2.49,28.78
2132013C,69,0,1.72,41.46
2132014C,62,0,2.19,30.76
2133004C,79,0,2.42,25.85
2133008C,79,0,2.15,23.04
2134006C,65,0,2.01,25.89
2134007C,70,0,1.93,54.34
2134008C,58,0,2.39,25.19
2134010C,69,0,2.4,34.25
2134016C,63,0,2.28,19.92
2134019C,68,0,2.1,46.88
3005004C,65,0,2.55,39.91
3005006C,68,0,2.94,29.63
3005008C,65,0,2.47,33.28
3005009C,66,0,1.86,28.32
3005011C,70,0,2.38,40.28
3005014C,65,0,2.69,32.08
3005015C,60,0,3,35.18
3005016C,57,0,2.6,35.29
3005017C,67,0,2.65,37.78
3005018C,68,0,2.56,46.99
3005019C,62,0,2.35,31.05
3005020C,61,0,2.69,32.33
3005023C,59,0,3.07,32.76
3005025C,66,0,2.01,31.66
3006002C,70,0,2.14,52.98
3006004C,61,0,1.87,26.35
3006005C,70,0,1.99,39.23
3006007C,65,0,2.54,26.79
3006008C,67,0,2.47,41.98
3006010C,64,0,2.86,25.86
3006011C,69,0,2.28,32.02
3006013C,67,0,2.43,27.02
3006014C,71,0,1.83,30.73
3006015C,60,0,2.56,29.12
3006016C,71,0,2.01,32.2
3006017C,63,0,1.62,22.93
3006018C,72,0,1.88,44.21
3006021C,71,0,2.84,37.14
3006023C,71,0,2.86,33.95
3006025C,69,0,2.33,40.22
3007004C,59,1,1.93,36.79
3007005C,66,0,1.76,31.11
3007007C,69,0,1.96,28.34
3007008C,71,0,2.34,38.7
3007010C,66,0,2.39,27.19
3007011C,64,0,3.09,42.46
3007012C,68,0,2.28,28.14
3007016C,67,0,2.71,36.41
3007017C,67,0,2.37,32.06
3007019C,65,0,2.65,29.48
3007022C,67,0,1.94,32.04
3007023C,69,0,1.8,16.68
3007024C,61,0,1.26,23.28
3009003C,61,1,1.88,23.03
3009004C,66,0,2.13,23.46
3009006C,63,0,1.41,26.47
3009007C,60,0,1.72,17.79
3009009C,64,0,2.32,26.95
3009011C,62,0,1.3,29.78
3009013C,64,0,2.09,24.17
3009016C,66,0,2.05,29.1
3009017C,67,0,1.48,28.29
3009018C,69,0,1.93,32.42
3009019C,78,0,1.24,23.32
3009021C,57,0,1.71,28.08
3009024C,64,0,2.26,21.95
3011003C,65,0,1.98,38.07
3011004C,65,0,2.11,36.03
3011009C,61,0,2.74,37.62
3011011C,69,0,1.8,38.92
3011012C,61,1,2.85,32.64
3011013C,71,0,2.13,35.66
3011014C,64,0,2.12,42.18
3011015C,70,0,2.75,52.18
3011017C,68,0,1.64,47.19
3011019C,62,0,2.78,25.41
3011020C,62,0,1.96,32.47
3011022C,60,0,1.95,28.16
3012001C,64,0,2.24,26.96
3012002C,63,0,1.68,28.8
3012004C,59,0,2.23,25.12
3012006C,68,0,2.65,29.19
3012007C,54,1,2.58,26.99
3012010C,59,1,1.72,26.52
3012012C,62,1,1.93,22.2
3012013C,62,1,1.34,20.49
3012015C,57,0,2.39,30.77
3012020C,60,0,2.01,26.42
3012022C,68,1,1.82,22.68
3012023C,60,0,2.66,26.82
3013002C,66,0,2.41,39.78
3013003C,69,0,1.91,35.48
3013004C,72,0,2.09,37.51
3013006C,70,0,2.09,33.85
3013009C,65,0,2.01,24.6
3013011C,71,0,2.1,30.88
3013012C,66,1,1.27,20.13
3013013C,64,0,2.39,27.64
3013014C,68,0,1.91,35.94
3013015C,65,0,1.88,22.71
3013016C,72,1,1.21,25.91
3013021C,64,0,2.2,38.65
3013025C,71,0,2.04,26.62
3014001C,68,0,1.62,20.66
3014002C,67,1,1.53,20.67
3014008C,68,1,1.48,28.54
3014012C,67,0,2.21,22.64
3014021C,60,1,1.63,29.34
3014022C,72,0,2.77,46.9
3015005C,62,1,1.2,22.64
3015006C,65,0,2.48,44.24
3015012C,64,1,1.86,21.72
3015013C,65,1,1.46,20.61
3015022C,62,1,2.3,27.25
3016002C,66,0,1.77,29.8
3016005C,67,0,2.46,21.81
3016006C,59,0,2.18,25.62
3016008C,59,1,1.84,18.85
3016009C,66,0,1.97,29.99
3016010C,62,0,1.32,18.32
3016011C,65,0,2.18,40.7
3016012C,60,0,1.45,23.34
3016013C,62,0,2.07,20.58
3016014C,65,0,2.31,31.99
3016015C,59,0,2.06,22.92
3016016C,65,0,1.61,24.52
3016018C,67,1,1.75,20.24
3016020C,68,1,1.57,24.99
3016021C,57,0,1.59,19.29
3016022C,64,0,2.04,29.75
3016023C,61,0,2.62,25.93
3016024C,57,0,2.12,24.93
3016025C,59,0,2.2,21.61
3016026C,65,0,1.7,23.44
3018001C,64,1,1.42,16.49
3018003C,64,0,1.98,31.58
3018004C,72,0,2.61,41.76
3018010C,70,1,2.64,28.58
3018011C,64,0,1.92,29.82
3018014C,69,0,2.84,29.18
3018015C,66,0,1.84,26.15
3018016C,64,0,2.07,30.67
3018017C,64,0,1.7,29.32
3018018C,70,0,2.49,38.1
3018023C,72,0,2.36,36.16
3019006C,70,0,1.43,27.97
3019008C,65,0,1.52,28.11
3019011C,66,0,1.97,24.36
3019012C,62,0,1.39,29.01
3019016C,67,0,1.49,24.9
3019017C,70,0,1.9,28.72
3019018C,69,0,1.85,33.97
3020004C,64,0,2.11,40.11
3020007C,64,1,1.45,19.45
3020008C,65,0,1.75,26.86
3020019C,71,1,2.03,25.65
3020021C,61,1,1.18,26.37
3020024C,61,0,1.82,26.37
3021003C,62,0,2.33,28.2
3021004C,62,0,2.11,31.14
3021012C,67,0,1.74,31.03
3021017C,62,1,1.52,22.11
3021018C,65,0,1.09,20.16
3021020C,63,1,2.39,29.37
3021021C,65,0,2.12,22.53
3022014C,70,0,2.19,31.92
3022015C,71,0,1.95,29.96
3022020C,63,0,2.28,41.46
3022022C,63,0,2.37,26.33
3022024C,63,1,1.26,24.94
3023001C,59,0,1.84,18.59
3023004C,65,0,1.38,20.69
3023005C,67,1,2.09,30.53
3023006C,65,1,1.77,19.28
3023010C,67,1,1.92,24.28
3023012C,67,0,1.8,30.42
3023014C,70,0,1.91,32.76
3023016C,72,1,1.4,23.3
3023017C,67,0,1.96,29.26
3023020C,66,1,1.24,17.1
3023023C,68,0,1.57,22.03
3023024C,68,1,1.85,18.83
3024003C,68,1,2.01,19.8
3024007C,72,0,2.12,34.04
3024011C,66,1,1.72,19.15
3024012C,70,0,1.29,20.65
3024014C,65,0,2.22,34.87
3024016C,64,0,1.55,23.19
3024019C,72,1,1.93,25.38
3024022C,70,0,1.65,24.39
3024024C,71,0,1.19,25.28
3025001C,71,0,2.04,46.98
3025004C,66,0,2.02,36.55
3025012C,67,0,2.36,40.93
3025013C,71,0,1.95,34.74
3025014C,67,0,2.16,41.16
3025017C,71,0,1.9,36.94
3025018C,65,0,1.44,26.87
3025023C,61,0,2.11,24.51
3025024C,67,0,1.77,36.49
3026008C,68,0,1.8,30.32
3026012C,76,1,1.9,20.52
3026019C,66,0,2.15,34.39
3026020C,65,0,0.95,25.23
3026021C,67,0,1.47,20.1
3026025C,69,1,1.99,19.49
3027005C,69,0,2.73,40
3027007C,62,0,2.57,27.07
3027012C,67,0,1.8,34.64
3027023C,67,0,2.38,40.57
3027024C,63,0,2.31,26.18
3027025C,63,0,2.43,26.26
3028005C,63,0,2.29,34.47
3028006C,71,0,2.6,28.25
3028007C,70,0,2.75,44.24
3028008C,65,0,3.29,28.67
3028009C,72,0,2.52,32.12
3028010C,61,0,2.68,25.72
3028011C,66,0,2.1,31.23
3028013C,54,0,2.56,24.6
3028014C,64,0,1.99,24.76
3028015C,68,0,2.29,39.45
3028016C,68,0,2.3,43.81
3028019C,63,0,1.85,31.74
3028021C,60,0,2.95,25.95
3028022C,72,0,2.88,42.08
3028023C,73,0,2.01,26.33
3028024C,61,0,2.2,41.89
3029002C,61,0,1.39,25.65
3029008C,66,0,2.23,40.36
3029012C,65,0,2.31,26.48
3029017C,68,0,2.18,24.88
3029019C,64,0,1.88,18.65
3029021C,66,0,2.73,28.36
3029022C,66,0,2.27,28.96
3030003C,68,0,2.85,50.29
3030008C,63,0,2.7,38.72
3030016C,73,0,1.61,27.64
3030018C,70,0,2.13,37.34
3030021C,61,1,2.18,23.45
3031004C,63,0,2,22.16
3031009C,64,0,3.02,25.85
3031010C,60,0,2.57,35.87
3031020C,69,0,2.22,20.98
3031021C,64,0,2.59,26.93
3031022C,67,0,2.45,28.31
3031023C,61,0,1.96,33.81
3032008C,66,0,2.09,23.09
3032010C,74,0,1.81,24.67
3032011C,62,0,2.08,22.5
3032014C,73,0,2.14,27.34
3032017C,60,0,1.72,23.89
3032021C,68,0,2.74,42.47
3032023C,62,1,2.33,18.1
3033002C,68,0,2.07,28.48
3033003C,66,0,2.61,25.41
3033005C,71,0,2,37.92
3033006C,69,0,2.34,34.85
3033007C,72,0,2.71,19.57
3033009C,69,0,1.97,28.36
3033010C,64,0,2.65,19.59
3033011C,63,0,1.69,17.66
3033014C,61,0,2.07,28.57
3033017C,63,0,1.86,17.16
3033018C,65,0,2.43,24.94
3035001C,65,0,1.47,23.3
3035014C,72,0,1.35,23.21
3035015C,71,0,1.63,31.85
3035016C,71,0,2.01,17.34
3035021C,66,0,1.37,19.04
3036001C,72,0,1.73,22.03
3036023C,65,0,1.89,16.68
3037007C,65,0,1.9,26.65
3037008C,63,0,1.96,25.92
3037011C,66,0,2.2,36.05
3037012C,71,0,2.42,39.66
3037017C,61,0,2.5,31.43
3038002C,65,0,1.33,26.94
3038003C,61,0,2.01,26.11
3038006C,64,0,1.3,34.37
3038009C,66,0,2.14,28.71
3038010C,61,0,2.32,17.14
3038012C,70,0,2.26,46.75
3038014C,72,0,2.35,28.48
3038016C,60,0,1.92,34.21
3038023C,69,0,2.29,23.9
3038025C,62,0,2.1,31.36
3039008C,76,0,1.97,29.34
3039011C,61,0,1.6,21.76
3039013C,67,0,1.95,33.31
3040002C,60,0,1.71,27.76
3040009C,66,0,2.37,35.16
3040010C,64,0,1.94,19.37
3041003C,64,0,1.41,22.08
3041004C,61,0,1.93,22.52
3041005C,64,0,1.66,27.99
3041007C,59,0,1.29,24.34
3041010C,72,0,1.52,22.76
3041013C,67,0,2.58,31.45
3041014C,63,0,2.26,43.93
3041015C,64,0,2.65,24.76
3042008C,63,0,2.1,25.63
3042014C,65,0,1.48,21.63
3042022C,65,0,1.97,26.11
3042023C,64,0,1.38,17.76
3043001C,61,0,2.09,21.04
3043002C,65,0,2.29,25.5
3043009C,62,0,1.97,29.04
3043011C,61,0,2.14,26.17
3043023C,70,0,2.05,22.65
3043024C,69,0,1.75,37.29
3044002C,57,1,1.83,24.73
3044004C,65,0,2.63,40.24
3044007C,62,0,2.5,21.64
3044009C,62,1,2.67,23.92
3044010C,68,0,2.24,28.72
3044012C,59,0,2.93,23.93
3044014C,63,0,2.64,27.55
3044015C,64,0,2.58,34.46
3044018C,68,0,2.41,41.55
3044020C,59,0,2.11,22.56
3044021C,70,0,3.03,38.79
3044022C,66,0,2.63,33.39
3044023C,65,0,2.47,28.41
3045002C,62,1,1.79,22.24
3045011C,66,0,2.33,26.82
3045017C,63,0,1.97,17.63
3046008C,71,0,1.9,39.09
3046009C,61,0,2.46,28.7
3046010C,64,0,2.2,37.43
3046012C,62,0,1.94,29.17
3046017C,76,1,2.27,28.75
3046019C,63,0,1.73,22.18
3047002C,66,0,2.02,27.05
3047004C,63,0,2.18,34.7
3047010C,61,0,2.35,21.12
3047011C,64,0,1.88,40.38
3047012C,59,0,2.13,38.19
3047013C,59,0,2.44,27.44
3047014C,69,0,1.81,30.27
3047016C,66,0,2.65,26.46
3047017C,59,0,1.8,27.65
3047021C,63,0,2.41,35.01
3047022C,65,0,2.63,42.46
3047023C,62,0,2.51,36.67
3047025C,66,0,2.04,24.66
3048009C,62,0,2.16,29.85
3048010C,68,0,2.45,45.87
3048013C,67,0,2.11,43.18
3048014C,64,0,2.87,29.54
3048015C,60,0,1.85,24.69
3048016C,60,0,2.33,29.87
3048017C,63,0,2.41,24.84
3048019C,58,0,2.73,42.9
3048021C,65,0,2.13,37.17
3048022C,59,0,2.68,22.87
3048023C,64,0,2.37,26.39
3050001C,63,1,1.67,29.76
3050004C,61,1,1.55,22.51
3050008C,61,1,1.44,20.1
3050013C,69,1,1.94,25.89
3050016C,60,1,1.22,21.95
3050018C,69,1,2.01,26.13
3052018C,74,0,2.48,39.63
3052022C,64,0,1.67,24.18
3052024C,69,0,2.35,41.36
3052025C,74,0,2.34,30.19
3053019C,61,0,2.39,33.68
3053023C,60,0,2.43,23.92
3053024C,66,0,1.75,39.98
3054012C,60,0,2.31,15.53
3056011C,58,1,1.86,30.47
3062001C,69,0,1.75,40.91
3062005C,63,0,2.58,30.45
3062006C,67,0,2.5,30.55
3062007C,64,0,2.19,26.54
3062008C,74,0,2.21,24.87
3062010C,70,0,1.76,37.39
3062011C,64,0,1.6,31.57
3062012C,66,0,1.77,29.48
3062019C,61,0,2.72,31.58
3062022C,72,0,2.64,49.59
3063001C,64,0,2.34,26.45
3063009C,70,0,2.3,27.45
3063018C,68,0,2.49,30.15
3063020C,63,0,2.64,53.19
3063021C,70,0,2.61,31.37
3068001C,64,0,1.88,19.43
3068004C,64,0,1.63,24.47
3068005C,61,0,1.5,28.47
3068007C,60,0,1.39,27.33
3068012C,60,0,1.53,25.7
3068014C,64,0,2.08,38.78
3068021C,68,0,2.23,31.38
3068022C,68,0,0.92,17.94
3068023C,69,0,1.15,24.24
3068025C,68,0,1.36,27.4
3069001C,63,0,2.16,21.68
3069003C,66,0,1.56,27.76
3069004C,67,0,1.61,27.83
3069005C,62,0,2.24,33.67
3069006C,69,0,1.98,29.66
3069008C,68,0,2.17,31.72
3069009C,66,0,1.45,31.19
3069010C,67,0,2.24,31.07
3069011C,72,0,2.23,29.15
3069015C,61,0,2.03,18.88
3069016C,66,0,1.86,25.32
3069018C,63,0,2.3,27.55
3069019C,66,0,1.88,30.17
3069020C,61,0,1.84,29.45
3070001C,72,0,1.92,27.23
3070002C,69,0,2.34,16.56
3070003C,69,0,1.58,19.76
3070004C,65,0,1.99,24.03
3070005C,67,0,2.39,28.68
3070006C,66,0,1.73,18.81
3070008C,66,0,1.23,30.7
3070010C,65,0,2,18.92
3070013C,70,0,2.25,22.64
3070014C,69,0,1.96,25.42
3070015C,63,0,1.9,17.45
3070017C,70,0,1.93,23.16
3070018C,70,0,1.99,31.17
3070019C,65,0,1.88,18.41
3070020C,66,0,1.52,17.82
3070022C,64,0,1.66,19.55
3070023C,69,0,1.32,19.9
3070024C,63,0,1.69,17.69
3071003C,61,0,1.4,24.91
3071005C,75,0,2.01,32.09
3071008C,70,0,1.31,25.07
3071009C,72,0,2.16,41.95
3071010C,66,0,2.04,22.05
3071012C,63,0,2.25,30.37
3071013C,66,0,2,19.91
3071015C,65,0,2.13,23.46
3071016C,71,0,1.8,29.33
3071017C,64,0,1.55,30.8
3071018C,63,0,1.89,28.96
3071019C,71,0,1.49,23.79
3071021C,63,0,1.98,39.43
3071023C,63,0,2.08,22.48
3071024C,66,0,2.08,25.07
3072002C,70,0,1.99,28.77
3072007C,66,0,1.77,23.85
3072009C,71,0,2.24,28.3
3072010C,62,0,1.71,24.23
3072013C,69,0,2.34,27.31
3072014C,72,0,1.9,21.61
3072015C,60,0,2.53,24.42
3072018C,66,0,1.76,24.73
3072019C,61,0,2.18,20.85
3073003C,71,0,2.31,23
3073006C,71,0,2.36,22.63
3073007C,71,0,2.16,23.65
3073009C,61,0,1.5,36.97
3073011C,63,0,1.36,31.6
3073012C,61,0,2.41,32.96
3073015C,64,0,2.02,28.38
3073016C,64,0,1.58,27.62
3073017C,68,0,2.34,44.23
3073018C,68,0,1.7,26.06
3073019C,64,0,1.98,20.46
3073020C,62,0,2.2,25.42
3073022C,68,0,2.08,33.48
3073024C,66,0,1.87,33.45
3074003C,66,0,2.35,28.14
3074006C,71,0,2.25,31.16
3074008C,62,0,3.14,25.17
3074009C,66,0,2.8,29.5
3074012C,61,0,2.34,30.18
3074013C,62,0,1.85,23.08
3074015C,74,0,2.48,47.16
3074019C,71,0,2.47,31.01
3074020C,66,0,1.7,31.67
3074021C,70,0,1.29,24.86
3074022C,65,0,2.12,30.1
3074024C,64,0,2.24,28.35
3077005C,72,0,2.48,39.36
3077007C,72,0,2.44,31.99
3077010C,62,0,2.4,30
3077011C,65,0,3.34,39.2
3077012C,72,0,2.59,37.67
3077014C,63,0,2.35,22.11
3077015C,67,0,2.52,35.63
3077016C,69,0,2.93,41.66
3077018C,72,0,2.8,42.25
3077020C,62,0,2.95,25.93
3077022C,68,0,2.21,27.74
3080008C,72,0,1.45,23.74
3080013C,72,0,1.47,41.04
3080014C,64,1,2.78,35.71
3080022C,66,0,2.64,41.75
3080023C,67,0,1.9,26.58
3081006C,65,0,2.77,34.46
3081009C,62,0,2.14,48.11
3081012C,72,0,2.08,28.12
3081014C,62,0,2.03,34
3081017C,65,0,2.71,33.56
3081020C,72,0,2.59,39.24
3082003C,71,0,2.87,22.25
3082004C,70,0,1.64,22.26
3082005C,70,0,2.23,25.49
3082006C,69,0,1.56,26.69
3082009C,62,0,2.16,22.62
3082013C,62,0,1.92,30.8
3082015C,72,0,2.3,20.88
3082017C,73,0,1.48,34.37
3082018C,66,0,1.22,19.71
3082019C,64,0,1.8,21.68
3082022C,67,0,1.86,26.53
3082023C,68,0,2.31,37.45
3082024C,75,0,1.35,27.77
3082025C,75,0,1.49,29.4
3084003C,71,0,2.21,26.6
3084005C,71,0,1.95,44.51
3084006C,61,0,1.86,28.07
3084008C,54,1,1.73,25.05
3084009C,63,0,1.58,20.62
3084012C,63,0,2.53,24.2
3084015C,72,0,2.56,25.69
3084018C,71,0,2.07,37.58
3084019C,61,1,1.69,19.79
3084020C,62,0,2.36,26.6
3084021C,72,0,2,34.89
3094005C,61,0,2.56,24.33
3094006C,68,0,2.61,47.61
3094008C,63,0,1.83,37.23
3094009C,67,0,2.2,29.95
3094010C,65,0,2.94,36.7
3094011C,63,0,2.84,36.52
3094012C,65,0,2.6,26.35
3094014C,68,0,2.64,35.12
3094015C,61,0,2.28,18.97
3094018C,60,0,2.51,27.04
3094019C,71,0,1.76,33.42
3094022C,72,0,1.87,45.15
3094023C,59,0,2.71,26.84
3094024C,66,0,2.45,44.9
3102005C,67,1,2.27,28.35
3102006C,70,0,2.37,23.53
3102007C,63,0,1.75,21.26
3102012C,61,1,2.02,28.6
3102016C,64,0,2.51,31.34
3102018C,64,0,2.41,29.73
3102019C,60,0,2.27,26.72
3102020C,65,0,2.11,37.16
3102021C,71,0,2.22,22.16
3103003C,68,0,2.36,28.35
3103005C,64,1,2.23,21.08
3103010C,54,1,1.68,18.93
3103012C,69,1,1.85,19.16
3103013C,60,0,1.78,30.3
3103014C,62,0,2.06,22.46
3103016C,66,0,2.02,17.04
3103017C,65,1,1.61,25.58
3103018C,64,0,2.26,25.59
3103020C,62,1,2.23,22.94
3103022C,69,0,2.81,52.23
3105004C,70,0,2.52,42.74
3105006C,59,0,2.17,32.44
3105009C,70,1,1.4,39.45
3105020C,68,0,2.98,49.09
3106018C,65,1,2.19,32.6
3107012C,66,0,2.41,41.23
3107013C,65,0,1.94,35.77
3107015C,61,0,2.28,38.49
3107016C,70,0,2.24,32.87
3107018C,69,0,1.86,34.92
3107020C,68,1,1.59,41.32
3107021C,64,0,2.19,40.73
3107024C,60,1,2.07,39.11
3108001C,63,0,1.9,20.46
3108002C,62,0,1.82,28.37
3108003C,60,0,1.39,20.06
3108005C,61,0,1.78,23.35
3108006C,75,0,1.85,25.02
3108008C,63,0,1.57,42.36
3108009C,73,0,2.34,26.21
3108010C,63,0,1.6,19.13
3108011C,60,1,1.33,26.96
3108012C,71,0,1.99,28.12
3108014C,63,0,2.17,24.59
3108015C,71,0,2.58,26.78
3108017C,69,0,1.76,28.51
3108019C,67,0,2.26,32.3
3108021C,68,0,1.69,24.48
3108022C,61,0,1.79,45
3108024C,61,0,1.4,27.63
3110008C,68,0,1.71,16.96
3110010C,69,0,1.26,21.66
3110014C,71,0,2.1,20.99
3110018C,71,0,1.42,23.23
3110020C,64,0,1.71,19.59
3110021C,70,0,1.32,25.77
3113016C,70,0,2.28,20.86
3113017C,71,0,1.61,23.07
3113018C,67,0,1.8,26.09
3113020C,70,0,2.48,25
3113022C,71,0,2.02,26.04
3114003C,66,0,2.14,31.82
3114004C,69,1,1.87,36.86
3114013C,70,0,1.62,25.85
3114018C,63,0,2.31,22.77
3114025C,63,0,2.32,24.63
3115004C,68,0,3.03,35.25
3115008C,63,0,2.83,21.63
3115011C,67,0,2.26,20.12
3115014C,64,0,1.69,28.34
3115021C,72,0,1.83,32.28